query,respond,type
v痒了--开始痒了,语法错误，存在无效符号“-”,7
有V有V^^发现,语法错误，存在无效符号“^”,7
w什么[v+a+n+r+p]--什么时候,语法错误，存在无效符号“-”,7
w什么[v a n r p]--什么时候,语法错误，存在无效符号“-”,7
v校--校园,语法错误，存在无效符号“-”,7
成心--成心型,语法错误，存在无效符号“-”,7
一个跳^^一个跳投,语法错误，存在无效符号“^”,7
恐怕根本--根本的,语法错误，存在无效符号“-”,7
v滥竽充数--滥竽充数u,语法错误，存在无效符号“-”,7
钓鱼--猫,语法错误，存在无效符号“-”,7
脏./n--脏器,语法错误，存在无效符号“-”,7
m+架+n--[一 两] 架 n,语法错误，存在无效符号“-”,7
m 架 n--[一 两] 架 n,语法错误，存在无效符号“-”,7
v复杂了--变得复杂了,语法错误，存在无效符号“-”,7
饭*吃^^吃*人,语法错误，存在无效符号“^”,7
一定^^一定大,语法错误，存在无效符号“^”,7
说实话--w说实话,语法错误，存在无效符号“-”,7
缠在--[缠在一起 缠在一块],语法错误，存在无效符号“-”,7
出一出--一出一出,语法错误，存在无效符号“-”,7
*一遍w--一遍又一遍,语法错误，存在无效符号“-”,7
节日快乐^^你,语法错误，存在无效符号“^”,7
虽然^^于是,语法错误，存在无效符号“^”,7
相得益彰^^建筑,语法错误，存在无效符号“^”,7
相信不--相信不相信,语法错误，存在无效符号“-”,7
因--因此,语法错误，存在无效符号“-”,7
“被@”--“被v”,语法错误，存在无效符号“-”,7
就./v--+就是,语法错误，存在无效符号“-”,7
就./v-- 就是,语法错误，存在无效符号“-”,7
真的，--是真的,语法错误，存在无效符号“-”,7
遇--遇见,语法错误，存在无效符号“-”,7
你一个*，--你一个n，,语法错误，存在无效符号“-”,7
常--经常,语法错误，存在无效符号“-”,7
或许正--正在,语法错误，存在无效符号“-”,7
根本上讲--从根本上讲,语法错误，存在无效符号“-”,7
一定^^一定十,语法错误，存在无效符号“^”,7
m+家+n--[一 两] 家 n,语法错误，存在无效符号“-”,7
m 家 n--[一 两] 家 n,语法错误，存在无效符号“-”,7
恐怕*只得--就算只,语法错误，存在无效符号“-”,7
少说^^闲话少说,语法错误，存在无效符号“^”,7
。m个n--几个n,语法错误，存在无效符号“-”,7
还+./v+w--还说,语法错误，存在无效符号“-”,7
还 ./v w--还说,语法错误，存在无效符号“-”,7
刚才/t+v^^刚才 ../v,语法错误，存在无效符号“^”,7
刚才/t v^^刚才 ../v,语法错误，存在无效符号“^”,7
人家--外婆人家,语法错误，存在无效符号“-”,7
大约v^^大约v,语法错误，存在无效符号“^”,7
仅--仅仅,语法错误，存在无效符号“-”,7
她可--她可以,语法错误，存在无效符号“-”,7
新闻^^新闻,语法错误，存在无效符号“^”,7
换句话说--w换句话说,语法错误，存在无效符号“-”,7
v晴了--要晴了,语法错误，存在无效符号“-”,7
v糟了--可糟了,语法错误，存在无效符号“-”,7
谁都v不了^^谁都给不了,语法错误，存在无效符号“^”,7
m料--余料,语法错误，存在无效符号“-”,7
或许*原来--原来的,语法错误，存在无效符号“-”,7
恐怕*必定--必定又将,语法错误，存在无效符号“-”,7
这么说--w这么说,语法错误，存在无效符号“-”,7
对....能--能力,语法错误，存在无效符号“-”,7
好像*一定要--一定要。,语法错误，存在无效符号“-”,7
一句反驳--一句反驳的话,语法错误，存在无效符号“-”,7
一者--唯一,语法错误，存在无效符号“-”,7
看----看着,语法错误，存在无效符号“-”,7
好像实在^^忍不住,语法错误，存在无效符号“^”,7
她可--你可不可以,语法错误，存在无效符号“-”,7
大概/d^^大概V,语法错误，存在无效符号“^”,7
也许*恰^^恰如,语法错误，存在无效符号“^”,7
时间是N--n年,语法错误，存在无效符号“-”,7
a的是，--d+a的是，,语法错误，存在无效符号“-”,7
a的是，--d a的是，,语法错误，存在无效符号“-”,7
地--地上,语法错误，存在无效符号“-”,7
把*上上--把*上上下下,语法错误，存在无效符号“-”,7
n器--n器材,语法错误，存在无效符号“-”,7
../n文学--语言文学,语法错误，存在无效符号“-”,7
也许*竟--竟然,语法错误，存在无效符号“-”,7
也许*反--反而,语法错误，存在无效符号“-”,7
v.得比--比较,语法错误，存在无效符号“-”,7
v浅了--变浅了,语法错误，存在无效符号“-”,7
cash^^,语法错误，存在无效符号“^”,7
也许总--总经理,语法错误，存在无效符号“-”,7
喜欢v--不喜欢,语法错误，存在无效符号“-”,7
钓鱼--钓鱼岛,语法错误，存在无效符号“-”,7
v弱了--变弱了,语法错误，存在无效符号“-”,7
能不+v--不能不,语法错误，存在无效符号“-”,7
能不 v--不能不,语法错误，存在无效符号“-”,7
如此说^^w如此说,语法错误，存在无效符号“^”,7
齐v--一齐v,语法错误，存在无效符号“-”,7
公里+n^^m公里n,语法错误，存在无效符号“^”,7
公里 n^^m公里n,语法错误，存在无效符号“^”,7
遇到^^被,语法错误，存在无效符号“^”,7
v矮了--变矮了,语法错误，存在无效符号“-”,7
不./d^^不妨,语法错误，存在无效符号“^”,7
谁都v不了^^谁都救不了,语法错误，存在无效符号“^”,7
再不--再不然,语法错误，存在无效符号“-”,7
v寂寞了--是寂寞了,语法错误，存在无效符号“-”,7
最n--最f,语法错误，存在无效符号“-”,7
v丢了--是丢了,语法错误，存在无效符号“-”,7
大约*的确--确立,语法错误，存在无效符号“-”,7
连v都--全连,语法错误，存在无效符号“-”,7
一方面--另一方面,语法错误，存在无效符号“-”,7
情感^^情感n,语法错误，存在无效符号“^”,7
极n--积极,语法错误，存在无效符号“-”,7
当即^^却,语法错误，存在无效符号“^”,7
期待--期待的,语法错误，存在无效符号“-”,7
买个--买个，,语法错误，存在无效符号“-”,7
冰柜^^冰箱,语法错误，存在无效符号“^”,7
年青^^年青人,语法错误，存在无效符号“^”,7
干n--干锅--干爸,语法错误，存在无效符号“-”,7
具体说--具体说明,语法错误，存在无效符号“-”,7
梗--牛头梗,语法错误，存在无效符号“-”,7
应该说--w应该说,语法错误，存在无效符号“-”,7
固然^^从而,语法错误，存在无效符号“^”,7
合理的--合理的，,语法错误，存在无效符号“-”,7
回回--[代+马+回+个+和+一+了+是+】+“+期+、]回回,语法错误，存在无效符号“-”,7
回回--[代 马 回 个 和 一 了 是 】 “ 期 、]回回,语法错误，存在无效符号“-”,7
他一个*。--他一个n,语法错误，存在无效符号“-”,7
n机^^n,语法错误，存在无效符号“^”,7
穿n--穿上,语法错误，存在无效符号“-”,7
你一个*？--你一个n？,语法错误，存在无效符号“-”,7
把--把[、+，+。+！+……+？],语法错误，存在无效符号“-”,7
把--把[、 ， 。 ！ …… ？],语法错误，存在无效符号“-”,7
对/p--面对,语法错误，存在无效符号“-”,7
连^^都,语法错误，存在无效符号“^”,7
v昏头了--是昏头了,语法错误，存在无效符号“-”,7
跑v--到,语法错误，存在无效符号“-”,7
情感^^n情感,语法错误，存在无效符号“^”,7
仿佛可--仿佛可以,语法错误，存在无效符号“-”,7
也许实在--实在的,语法错误，存在无效符号“-”,7
一~一个--唯一,语法错误，存在无效符号“-”,7
s+v着.--在s+v着,语法错误，存在无效符号“-”,7
s v着.--在s v着,语法错误，存在无效符号“-”,7
确切说--确切说明,语法错误，存在无效符号“-”,7
或许应--或许应了,语法错误，存在无效符号“-”,7
v强了--变强了,语法错误，存在无效符号“-”,7
一定要^^！,语法错误，存在无效符号“^”,7
不可^^非得,语法错误，存在无效符号“^”,7
w或许他--或许他们,语法错误，存在无效符号“-”,7
几--几乎,语法错误，存在无效符号“-”,7
还没a^^比,语法错误，存在无效符号“^”,7
也许*根本--根本上,语法错误，存在无效符号“-”,7
v清醒了--该清醒了,语法错误，存在无效符号“-”,7
一+辆+n--一 辆 车,语法错误，存在无效符号“-”,7
一 辆 n--一 辆 车,语法错误，存在无效符号“-”,7
恐怕非v--并非,语法错误，存在无效符号“-”,7
闪耀--闪耀的,语法错误，存在无效符号“-”,7
像n--图像,语法错误，存在无效符号“-”,7
m手n--千手观音,语法错误，存在无效符号“-”,7
回回--[的+代+马+回+个+和+一+了+是+】+“+期+、]回回,语法错误，存在无效符号“-”,7
回回--[的 代 马 回 个 和 一 了 是 】 “ 期 、]回回,语法错误，存在无效符号“-”,7
告诉你--w告诉你w,语法错误，存在无效符号“-”,7
v香了--可香了,语法错误，存在无效符号“-”,7
即刻^^反而,语法错误，存在无效符号“^”,7
或许*啊？--嗯嗯,语法错误，存在无效符号“-”,7
高企--高企业,语法错误，存在无效符号“-”,7
称--称为,语法错误，存在无效符号“-”,7
李宇春^^男,语法错误，存在无效符号“^”,7
情感^^情感v,语法错误，存在无效符号“^”,7
举例说^^w举例说,语法错误，存在无效符号“^”,7
v凶了--可凶了,语法错误，存在无效符号“-”,7
大概[v+n+m+q]^^大概[v+n+m+q],语法错误，存在无效符号“^”,7
大概[v n m q]^^大概[v n m q],语法错误，存在无效符号“^”,7
循--循着,语法错误，存在无效符号“-”,7
是从^^来看,语法错误，存在无效符号“^”,7
大概可--大概可以,语法错误，存在无效符号“-”,7
w这样说^^这样说来,语法错误，存在无效符号“^”,7
说心里话--w说心里话,语法错误，存在无效符号“-”,7
v*爱好/n--爱好和平,语法错误，存在无效符号“-”,7
杀”--杀”出,语法错误，存在无效符号“-”,7
其--其实+其次,语法错误，存在无效符号“-”,7
其--其实 其次,语法错误，存在无效符号“-”,7
或许*竟--竟然,语法错误，存在无效符号“-”,7
认为^^不,语法错误，存在无效符号“^”,7
n校--校园,语法错误，存在无效符号“-”,7
也许*非v--并非,语法错误，存在无效符号“-”,7
.手/n+[n+v+a]--左手,语法错误，存在无效符号“-”,7
.手/n [n v a]--左手,语法错误，存在无效符号“-”,7
该~了--应,语法错误，存在无效符号“-”,7
n好v--n好[有+想+让],语法错误，存在无效符号“-”,7
n好v--n好[有 想 让],语法错误，存在无效符号“-”,7
有被*到^^有被~到,语法错误，存在无效符号“^”,7
即刻^^要是,语法错误，存在无效符号“^”,7
红^^红,语法错误，存在无效符号“^”,7
操..心--操碎了心,语法错误，存在无效符号“-”,7
浅^^一下,语法错误，存在无效符号“^”,7
酸--盐酸,语法错误，存在无效符号“-”,7
我一个*；--我一个n,语法错误，存在无效符号“-”,7
随即^^那么,语法错误，存在无效符号“^”,7
下降--向,语法错误，存在无效符号“-”,7
过过--[过过 过过过过]过过,语法错误，存在无效符号“-”,7
整个一--整个一个,语法错误，存在无效符号“-”,7
这么^^那么,语法错误，存在无效符号“^”,7
大概*竟--竟然,语法错误，存在无效符号“-”,7
控--控制,语法错误，存在无效符号“-”,7
n+爱好/n--爱好和平,语法错误，存在无效符号“-”,7
n 爱好/n--爱好和平,语法错误，存在无效符号“-”,7
她们一个*。--她们一个n,语法错误，存在无效符号“-”,7
一.是一--一定是一,语法错误，存在无效符号“-”,7
二小时--十二小时,语法错误，存在无效符号“-”,7
涫--乐涫,语法错误，存在无效符号“-”,7
看来n^^啊,语法错误，存在无效符号“^”,7
v高兴了--可高兴了,语法错误，存在无效符号“-”,7
一路顺风^^你,语法错误，存在无效符号“^”,7
v全面了--要全面了,语法错误，存在无效符号“-”,7
千./d^^千万,语法错误，存在无效符号“^”,7
知道--知道。,语法错误，存在无效符号“-”,7
../n人--人家,语法错误，存在无效符号“-”,7
根./d^^根本,语法错误，存在无效符号“^”,7
一..便--方便,语法错误，存在无效符号“-”,7
随即^^还,语法错误，存在无效符号“^”,7
还好--还好意思,语法错误，存在无效符号“-”,7
a+的+爱好/n--爱好和平,语法错误，存在无效符号“-”,7
a 的 爱好/n--爱好和平,语法错误，存在无效符号“-”,7
土豪^^v土豪,语法错误，存在无效符号“^”,7
抽抽--张抽抽,语法错误，存在无效符号“-”,7
去--去w,语法错误，存在无效符号“-”,7
日渐^^日渐V,语法错误，存在无效符号“^”,7
；f+v+着--；f v 着 的,语法错误，存在无效符号“-”,7
；f v 着--；f v 着 的,语法错误，存在无效符号“-”,7
讲实话--w讲实话,语法错误，存在无效符号“-”,7
一定^^一定努,语法错误，存在无效符号“^”,7
总体上说^^从总体上说,语法错误，存在无效符号“^”,7
谁都v不了^^谁都走不了,语法错误，存在无效符号“^”,7
m季--季度,语法错误，存在无效符号“-”,7
其v--尤其,语法错误，存在无效符号“-”,7
谁都v不了^^谁都帮不了,语法错误，存在无效符号“^”,7
似乎未免--在说,语法错误，存在无效符号“-”,7
以至--以至于,语法错误，存在无效符号“-”,7
一个n^^他们一个n,语法错误，存在无效符号“^”,7
有意--有意思,语法错误，存在无效符号“-”,7
有着^^有着,语法错误，存在无效符号“^”,7
干n--干妈,语法错误，存在无效符号“-”,7
v的v^^万,语法错误，存在无效符号“^”,7
闪动--闪动的,语法错误，存在无效符号“-”,7
你[这+个+这个]n--你这样子,语法错误，存在无效符号“-”,7
你[这 个 这个]n--你这样子,语法错误，存在无效符号“-”,7
v俗了--是俗了,语法错误，存在无效符号“-”,7
如果一^^呢,语法错误，存在无效符号“^”,7
m领--一些领,语法错误，存在无效符号“-”,7
谁都v不了^^谁都管不了,语法错误，存在无效符号“^”,7
该n*此n--因此,语法错误，存在无效符号“-”,7
恐怕难免--。,语法错误，存在无效符号“-”,7
a的眼神^^阴,语法错误，存在无效符号“^”,7
该*恐怕--应该,语法错误，存在无效符号“-”,7
要我说--要我说什么,语法错误，存在无效符号“-”,7
v瘦了--变瘦了,语法错误，存在无效符号“-”,7
w我很a+w^^，我很a+w,语法错误，存在无效符号“^”,7
w我很a w^^，我很a w,语法错误，存在无效符号“^”,7
r在哪里v--该在哪里,语法错误，存在无效符号“-”,7
m克n--￥,语法错误，存在无效符号“-”,7
最+n--最../f,语法错误，存在无效符号“-”,7
最 n--最../f,语法错误，存在无效符号“-”,7
V得慌^^饿,语法错误，存在无效符号“^”,7
一哭--哭。,语法错误，存在无效符号“-”,7
一个n^^他一个n,语法错误，存在无效符号“^”,7
满地n--满地姐,语法错误，存在无效符号“-”,7
仿佛*绝对--绝对的,语法错误，存在无效符号“-”,7
一张^^照片,语法错误，存在无效符号“^”,7
告诉你们^^w告诉你们w,语法错误，存在无效符号“^”,7
怎么V--怎么回事,语法错误，存在无效符号“-”,7
对不起^^真,语法错误，存在无效符号“^”,7
[没+没有]过过--[年+从+从来+节+久][没+没有]过过,语法错误，存在无效符号“-”,7
[没 没有]过过--[年 从 从来 节 久][没 没有]过过,语法错误，存在无效符号“-”,7
俩--r俩,语法错误，存在无效符号“-”,7
有V过--没有V过,语法错误，存在无效符号“-”,7
好像可--好像可以,语法错误，存在无效符号“-”,7
v过头了--是过头了,语法错误，存在无效符号“-”,7
呷/v--呷哺,语法错误，存在无效符号“-”,7
口味--[n a 的 v]口味,语法错误，存在无效符号“-”,7
一定^^一定再,语法错误，存在无效符号“^”,7
谁都v不了^^谁都控制不了,语法错误，存在无效符号“^”,7
出了在^^,语法错误，存在无效符号“^”,7
谁知^^不要紧,语法错误，存在无效符号“^”,7
../v觉悟--提高觉悟,语法错误，存在无效符号“-”,7
v崩了--要崩了,语法错误，存在无效符号“-”,7
v死了--v死了w,语法错误，存在无效符号“-”,7
大概*只得--工具,语法错误，存在无效符号“-”,7
将--将来,语法错误，存在无效符号“-”,7
白皑皑--白皑皑的,语法错误，存在无效符号“-”,7
她一个*？--她一个n,语法错误，存在无效符号“-”,7
v厌烦了--感到厌烦,语法错误，存在无效符号“-”,7
为啥你^^呢,语法错误，存在无效符号“^”,7
总体上讲^^从总体上讲,语法错误，存在无效符号“^”,7
v勤快了--可勤快了,语法错误，存在无效符号“-”,7
大姐--大姐姐,语法错误，存在无效符号“-”,7
当即^^以致,语法错误，存在无效符号“^”,7
怎么--怎么了,语法错误，存在无效符号“-”,7
减少--。,语法错误，存在无效符号“-”,7
啊，--是啊,语法错误，存在无效符号“-”,7
v个v^^有个,语法错误，存在无效符号“^”,7
太好了n^^太好了哥,语法错误，存在无效符号“^”,7
我一个--我一个人,语法错误，存在无效符号“-”,7
n饭店--饭店＂--,语法错误，存在无效符号“-”,7
告诉你们--w告诉你们w,语法错误，存在无效符号“-”,7
尚且^^还,语法错误，存在无效符号“^”,7
说心里话^^w说心里话,语法错误，存在无效符号“^”,7
何./d^^何必,语法错误，存在无效符号“^”,7
够^^够,语法错误，存在无效符号“^”,7
v清楚了--可清楚了,语法错误，存在无效符号“-”,7
将*进行到底--将革命战争进行到底,语法错误，存在无效符号“-”,7
好像*必然是--好像貌似,语法错误，存在无效符号“-”,7
他一个*！--他一个n,语法错误，存在无效符号“-”,7
我一个*！--我一个n,语法错误，存在无效符号“-”,7
../n+控--控制,语法错误，存在无效符号“-”,7
../n 控--控制,语法错误，存在无效符号“-”,7
或许*非v--并非,语法错误，存在无效符号“-”,7
回回--回回回,语法错误，存在无效符号“-”,7
靠ns--[依靠+停靠],语法错误，存在无效符号“-”,7
靠ns--[依靠 停靠],语法错误，存在无效符号“-”,7
，多q--多则,语法错误，存在无效符号“-”,7
不怎么--不怎么样,语法错误，存在无效符号“-”,7
着--睡着,语法错误，存在无效符号“-”,7
随即^^因此,语法错误，存在无效符号“^”,7
了呢--了呢？,语法错误，存在无效符号“-”,7
r+偏偏^^为什么,语法错误，存在无效符号“^”,7
r 偏偏^^为什么,语法错误，存在无效符号“^”,7
回一回--一回一回,语法错误，存在无效符号“-”,7
太好了--w太好了,语法错误，存在无效符号“-”,7
体育^^运动,语法错误，存在无效符号“^”,7
v缓慢了--变得缓慢了,语法错误，存在无效符号“-”,7
v棒了--可棒了,语法错误，存在无效符号“-”,7
那--那个,语法错误，存在无效符号“-”,7
的脸^^丢,语法错误，存在无效符号“^”,7
你一个*！--你一个n,语法错误，存在无效符号“-”,7
一些n^^一些n+w,语法错误，存在无效符号“^”,7
一些n^^一些n w,语法错误，存在无效符号“^”,7
句赞扬--赞扬的话,语法错误，存在无效符号“-”,7
游--游泳,语法错误，存在无效符号“-”,7
挨--挨！,语法错误，存在无效符号“-”,7
洗澡^^洗～澡,语法错误，存在无效符号“^”,7
[n+nr]+v+给+[n+nr]+n--[n nr] n v,语法错误，存在无效符号“-”,7
[n nr] v 给 [n nr] n--[n nr] n v,语法错误，存在无效符号“-”,7
w+f+v+着--w+f+v+着+的,语法错误，存在无效符号“-”,7
w f v 着--w f v 着 的,语法错误，存在无效符号“-”,7
你们一个*。--你们一个n,语法错误，存在无效符号“-”,7
退*的--退[下+出+休+换+化+役+烧],语法错误，存在无效符号“-”,7
退*的--退[下 出 休 换 化 役 烧],语法错误，存在无效符号“-”,7
难道^^……,语法错误，存在无效符号“^”,7
别只看--,语法错误，存在无效符号“-”,7
v过n--没v过,语法错误，存在无效符号“-”,7
你一个*！--你一个n！,语法错误，存在无效符号“-”,7
抹/v--抹茶,语法错误，存在无效符号“-”,7
虽然^^接着,语法错误，存在无效符号“^”,7
俩--技俩,语法错误，存在无效符号“-”,7
太n--太ad,语法错误，存在无效符号“-”,7
v活跃了--开始活跃了,语法错误，存在无效符号“-”,7
闪烁--闪烁的,语法错误，存在无效符号“-”,7
[。+，“+‘]你说，--[。+，“+‘]你说，“,语法错误，存在无效符号“-”,7
[。 ，“ ‘]你说，--[。 ，“ ‘]你说，“,语法错误，存在无效符号“-”,7
咬牙--咬牙切齿,语法错误，存在无效符号“-”,7
他一个*，--他一个n,语法错误，存在无效符号“-”,7
的庆祝--庆祝n,语法错误，存在无效符号“-”,7
洗n澡--热,语法错误，存在无效符号“-”,7
年纪^^我,语法错误，存在无效符号“^”,7
大约实在--十四,语法错误，存在无效符号“-”,7
v杂了--是杂了,语法错误，存在无效符号“-”,7
../a人--人家,语法错误，存在无效符号“-”,7
好像*实在--实在的,语法错误，存在无效符号“-”,7
路^^的路,语法错误，存在无效符号“^”,7
不比--不比不知道,语法错误，存在无效符号“-”,7
似乎会--似乎会、,语法错误，存在无效符号“-”,7
，a的，--亲爱的，,语法错误，存在无效符号“-”,7
倒--倒下,语法错误，存在无效符号“-”,7
上上了--往上上了,语法错误，存在无效符号“-”,7
(a)什么(a){$1=$2;len($1)=1}--,语法错误，存在无效符号“-”,7
v是v--岂止是,语法错误，存在无效符号“-”,7
打/v--打/v+v,语法错误，存在无效符号“-”,7
打/v--打/v v,语法错误，存在无效符号“-”,7
信--相信--短信,语法错误，存在无效符号“-”,7
m指--多次指,语法错误，存在无效符号“-”,7
v骄傲了--值得骄傲了,语法错误，存在无效符号“-”,7
可以讲--w可以讲,语法错误，存在无效符号“-”,7
虽然^^只要,语法错误，存在无效符号“^”,7
m多^^m多,语法错误，存在无效符号“^”,7
进[进+一进]--进进出出,语法错误，存在无效符号“-”,7
进[进 一进]--进进出出,语法错误，存在无效符号“-”,7
刚刚/d+v^^刚刚 ../v,语法错误，存在无效符号“^”,7
刚刚/d v^^刚刚 ../v,语法错误，存在无效符号“^”,7
m粒n--颗粒,语法错误，存在无效符号“-”,7
有市场^^疯狂,语法错误，存在无效符号“^”,7
v到手了--可以到手了,语法错误，存在无效符号“-”,7
[n+nr]+v+给+[n+nr]+n--把+[n+nr],语法错误，存在无效符号“-”,7
[n nr] v 给 [n nr] n--把 [n nr],语法错误，存在无效符号“-”,7
你一个*。--你一个n。,语法错误，存在无效符号“-”,7
也许*难免--难免的,语法错误，存在无效符号“-”,7
把*v--[，。]把,语法错误，存在无效符号“-”,7
白花花--白花花的,语法错误，存在无效符号“-”,7
不V了n--不得不,语法错误，存在无效符号“-”,7
关+u--相关的,语法错误，存在无效符号“-”,7
关 u--相关的,语法错误，存在无效符号“-”,7
萌v^^萌v,语法错误，存在无效符号“^”,7
更+n--更ad,语法错误，存在无效符号“-”,7
更 n--更ad,语法错误，存在无效符号“-”,7
无目标^^漫无目标,语法错误，存在无效符号“^”,7
句反对--反对的,语法错误，存在无效符号“-”,7
月经--m月经,语法错误，存在无效符号“-”,7
大约根本--的根本,语法错误，存在无效符号“-”,7
很+n--很ad,语法错误，存在无效符号“-”,7
很 n--很ad,语法错误，存在无效符号“-”,7
也许*原来--原来的,语法错误，存在无效符号“-”,7
V于^^../v于,语法错误，存在无效符号“^”,7
才/d--只有*才w,语法错误，存在无效符号“-”,7
中枪--手中枪,语法错误，存在无效符号“-”,7
不得--不得不,语法错误，存在无效符号“-”,7
m背--一些背,语法错误，存在无效符号“-”,7
管他^^管他A不A,语法错误，存在无效符号“^”,7
m指n--指数--,语法错误，存在无效符号“-”,7
一定^^一定像,语法错误，存在无效符号“^”,7
务./d^^务必,语法错误，存在无效符号“^”,7
随即^^同时,语法错误，存在无效符号“^”,7
光盘--数据,语法错误，存在无效符号“-”,7
不得不说--我不得不说,语法错误，存在无效符号“-”,7
w我很a+w^^。我很a+w,语法错误，存在无效符号“^”,7
w我很a w^^。我很a w,语法错误，存在无效符号“^”,7
虎--奇虎360,语法错误，存在无效符号“-”,7
[家+房+屋]^^男,语法错误，存在无效符号“^”,7
[家 房 屋]^^男,语法错误，存在无效符号“^”,7
因--因为,语法错误，存在无效符号“-”,7
仿佛*本来--本来的,语法错误，存在无效符号“-”,7
您一个*！--您一个n,语法错误，存在无效符号“-”,7
对*来说--对于,语法错误，存在无效符号“-”,7
m围--三围,语法错误，存在无效符号“-”,7
w什么[v+a+n+r+p]--什么叫,语法错误，存在无效符号“-”,7
w什么[v a n r p]--什么叫,语法错误，存在无效符号“-”,7
冷--冷太太,语法错误，存在无效符号“-”,7
大概*原来--原来的,语法错误，存在无效符号“-”,7
光--V光,语法错误，存在无效符号“-”,7
和--和平,语法错误，存在无效符号“-”,7
大概非v--并非,语法错误，存在无效符号“-”,7
从中--、,语法错误，存在无效符号“-”,7
v合适了--觉得合适了,语法错误，存在无效符号“-”,7
意思--意思w,语法错误，存在无效符号“-”,7
好像^^好像V,语法错误，存在无效符号“^”,7
一群n--一群人,语法错误，存在无效符号“-”,7
a的是^^，a的是,语法错误，存在无效符号“^”,7
v给[y+nr]v--是,语法错误，存在无效符号“-”,7
v给[y nr]v--是,语法错误，存在无效符号“-”,7
这个^^嘛,语法错误，存在无效符号“^”,7
v巧了--是巧了,语法错误，存在无效符号“-”,7
v高企--高企业,语法错误，存在无效符号“-”,7
的庆祝--庆祝[n+nr+ns+nt+r],语法错误，存在无效符号“-”,7
的庆祝--庆祝[n nr ns nt r],语法错误，存在无效符号“-”,7
m+辆+n--[一+两+三+几+百+十]+辆+n,语法错误，存在无效符号“-”,7
m 辆 n--[一 两 三 几 百 十] 辆 n,语法错误，存在无效符号“-”,7
恐怕*绝大--绝大关系,语法错误，存在无效符号“-”,7
上上--上上[下+中+个+上+周+午+百+次+一+学+期],语法错误，存在无效符号“-”,7
上上--上上[下 中 个 上 周 午 百 次 一 学 期],语法错误，存在无效符号“-”,7
固然^^除非,语法错误，存在无效符号“^”,7
不妨说^^我们,语法错误，存在无效符号“^”,7
你一个...，--你一个n,语法错误，存在无效符号“-”,7
怎么--怎么样,语法错误，存在无效符号“-”,7
V个--是个,语法错误，存在无效符号“-”,7
v光滑了--变光滑了,语法错误，存在无效符号“-”,7
很n--很有,语法错误，存在无效符号“-”,7
v皮了--破皮了,语法错误，存在无效符号“-”,7
理论上说--从理论上说,语法错误，存在无效符号“-”,7
一V^^一望,语法错误，存在无效符号“^”,7
矮墩墩--矮墩墩的,语法错误，存在无效符号“-”,7
那又怎么样^^那又怎么样,语法错误，存在无效符号“^”,7
a得像--长得像,语法错误，存在无效符号“-”,7
大概*准v--不准养猪，,语法错误，存在无效符号“-”,7
也许能--也许能够,语法错误，存在无效符号“-”,7
随即^^如果,语法错误，存在无效符号“^”,7
一点n^^一点n+w,语法错误，存在无效符号“^”,7
一点n^^一点n w,语法错误，存在无效符号“^”,7
到底d^^r到底d,语法错误，存在无效符号“^”,7
固然^^只要,语法错误，存在无效符号“^”,7
绿--苏打绿,语法错误，存在无效符号“-”,7
父亲^^父母,语法错误，存在无效符号“^”,7
怎么懂--不怎么懂,语法错误，存在无效符号“-”,7
苟--苟且,语法错误，存在无效符号“-”,7
[婚+姻]^^男,语法错误，存在无效符号“^”,7
[婚 姻]^^男,语法错误，存在无效符号“^”,7
也许可--也许可以,语法错误，存在无效符号“-”,7
w[n+a+v+r+p]什么--有什么,语法错误，存在无效符号“-”,7
w[n a v r p]什么--有什么,语法错误，存在无效符号“-”,7
难道你还^^吗,语法错误，存在无效符号“^”,7
随即^^只要,语法错误，存在无效符号“^”,7
m头--一下头,语法错误，存在无效符号“-”,7
打*n--../v,语法错误，存在无效符号“-”,7
[v+a]着--随着,语法错误，存在无效符号“-”,7
[v a]着--随着,语法错误，存在无效符号“-”,7
新V的--重新,语法错误，存在无效符号“-”,7
完--完全,语法错误，存在无效符号“-”,7
似乎*原来--原来的,语法错误，存在无效符号“-”,7
n+爆w--爆炸+爆发+酱爆,语法错误，存在无效符号“-”,7
n 爆w--爆炸 爆发 酱爆,语法错误，存在无效符号“-”,7
也许*究--究竟,语法错误，存在无效符号“-”,7
一边--另一边,语法错误，存在无效符号“-”,7
一定^^一定多,语法错误，存在无效符号“^”,7
恐怕决不--效果,语法错误，存在无效符号“-”,7
m+面+n--三面环山,语法错误，存在无效符号“-”,7
m 面 n--三面环山,语法错误，存在无效符号“-”,7
上n--以上,语法错误，存在无效符号“-”,7
终./d^^终究,语法错误，存在无效符号“^”,7
i喽--喽啰,语法错误，存在无效符号“-”,7
什么n啊n啊--重复,语法错误，存在无效符号“-”,7
和--,语法错误，存在无效符号“-”,7
说实话^^w说实话,语法错误，存在无效符号“^”,7
最+n--最有,语法错误，存在无效符号“-”,7
最 n--最有,语法错误，存在无效符号“-”,7
v死--要,语法错误，存在无效符号“-”,7
N*有N--v,语法错误，存在无效符号“-”,7
你们一个*，--你们一个n,语法错误，存在无效符号“-”,7
一手--一手抓,语法错误，存在无效符号“-”,7
不n--不鸟,语法错误，存在无效符号“-”,7
一对n--a,语法错误，存在无效符号“-”,7
上[上+一上]--上上[下下+个+上+周+午+百+次+一+学+期],语法错误，存在无效符号“-”,7
上[上 一上]--上上[下下 个 上 周 午 百 次 一 学 期],语法错误，存在无效符号“-”,7
谁都v不了^^谁都代替不了,语法错误，存在无效符号“^”,7
出姓	--出姓名,语法错误，存在无效符号“-”,7
咱一个*，--咱一个n,语法错误，存在无效符号“-”,7
m袭--多次袭,语法错误，存在无效符号“-”,7
似乎确有--确有其事,语法错误，存在无效符号“-”,7
把*上上--把*上上[下下+个+百],语法错误，存在无效符号“-”,7
把*上上--把*上上[下下 个 百],语法错误，存在无效符号“-”,7
外--之外，以外，除外,语法错误，存在无效符号“-”,7
已--已经,语法错误，存在无效符号“-”,7
话说--俗话说,语法错误，存在无效符号“-”,7
劝说--的劝说,语法错误，存在无效符号“-”,7
似乎*本来--本来的,语法错误，存在无效符号“-”,7
我们一个*。--我们一个n,语法错误，存在无效符号“-”,7
公主^^公主请,语法错误，存在无效符号“^”,7
过了[过+一过]--过了过[了 过了],语法错误，存在无效符号“-”,7
过了[过 一过]--过了过[了 过了],语法错误，存在无效符号“-”,7
m+颗+n--一 颗 n,语法错误，存在无效符号“-”,7
m 颗 n--一 颗 n,语法错误，存在无效符号“-”,7
徒手--师徒手,语法错误，存在无效符号“-”,7
[没+没有]过过--从来[没+没有]过过,语法错误，存在无效符号“-”,7
[没 没有]过过--从来[没 没有]过过,语法错误，存在无效符号“-”,7
呕--想呕,语法错误，存在无效符号“-”,7
有v--没有v,语法错误，存在无效符号“-”,7
v旺了--可旺了,语法错误，存在无效符号“-”,7
好像*绝大--绝大的,语法错误，存在无效符号“-”,7
超b--超女,语法错误，存在无效符号“-”,7
发挥..作用^^积极,语法错误，存在无效符号“^”,7
钓鱼--去钓鱼,语法错误，存在无效符号“-”,7
随^^随/p,语法错误，存在无效符号“^”,7
恐怕*根本--根本的,语法错误，存在无效符号“-”,7
说真的--是说真的,语法错误，存在无效符号“-”,7
睡n--睡覺,语法错误，存在无效符号“-”,7
v精--精神文明,语法错误，存在无效符号“-”,7
；f+v+着--；f+v+着+的,语法错误，存在无效符号“-”,7
；f v 着--；f v 着 的,语法错误，存在无效符号“-”,7
一定的V--作用,语法错误，存在无效符号“-”,7
你一个*？--你一个n,语法错误，存在无效符号“-”,7
n*m--v,语法错误，存在无效符号“-”,7
刷n--印刷,语法错误，存在无效符号“-”,7
a中--中国,语法错误，存在无效符号“-”,7
(v)他a{len($1)=1}--是他,语法错误，存在无效符号“-”,7
呀w--呀，,语法错误，存在无效符号“-”,7
孝^^风气,语法错误，存在无效符号“^”,7
这就--这就是,语法错误，存在无效符号“-”,7
跑n--跑v,语法错误，存在无效符号“-”,7
w我很a+w--w我很a？,语法错误，存在无效符号“-”,7
w我很a w--w我很a？,语法错误，存在无效符号“-”,7
她一个*！--她一个n,语法错误，存在无效符号“-”,7
v*爱好--爱好和平,语法错误，存在无效符号“-”,7
v给[r+n]+m--[能+会+想]给[r+n]+m,语法错误，存在无效符号“-”,7
v给[r n] m--[能 会 想]给[r n] m,语法错误，存在无效符号“-”,7
a的眼睛--明亮^^,语法错误，存在无效符号“^”,7
为什么要^^才,语法错误，存在无效符号“^”,7
气得脸^^a,语法错误，存在无效符号“^”,7
上上--上上[下+个+上+周+午+百+次++一+学+期+的+之+二+万+人],语法错误，存在无效符号“-”,7
上上--上上[下 个 上 周 午 百 次  一 学 期 的 之 二 万 人],语法错误，存在无效符号“-”,7
对于....能--能力,语法错误，存在无效符号“-”,7
回一回--[一+那+不+二]回一回,语法错误，存在无效符号“-”,7
回一回--[一 那 不 二]回一回,语法错误，存在无效符号“-”,7
航天^^发射,语法错误，存在无效符号“^”,7
该^^！,语法错误，存在无效符号“^”,7
没V了--没V了。,语法错误，存在无效符号“-”,7
而--而且,语法错误，存在无效符号“-”,7
n外--外n,语法错误，存在无效符号“-”,7
m+辆+n--一 辆 车,语法错误，存在无效符号“-”,7
m 辆 n--一 辆 车,语法错误，存在无效符号“-”,7
固然^^接着,语法错误，存在无效符号“^”,7
一定^^一定全,语法错误，存在无效符号“^”,7
不用讲--w不用讲,语法错误，存在无效符号“-”,7
v给[r+n]+m--[是+能+会]给[r+n]+m,语法错误，存在无效符号“-”,7
v给[r n] m--[是 能 会]给[r n] m,语法错误，存在无效符号“-”,7
一定^^一定又,语法错误，存在无效符号“^”,7
n一q，--护照一本，,语法错误，存在无效符号“-”,7
m+家+n--一 家 n,语法错误，存在无效符号“-”,7
m 家 n--一 家 n,语法错误，存在无效符号“-”,7
飒--小飒,语法错误，存在无效符号“-”,7
什么时候n+v--r什么时候,语法错误，存在无效符号“-”,7
什么时候n v--r什么时候,语法错误，存在无效符号“-”,7
随即^^因为,语法错误，存在无效符号“^”,7
v在s--[v在一起+是在s+会在s+要在s+可以在s+只能在s+能在s+让在s],语法错误，存在无效符号“-”,7
v在s--[v在一起 是在s 会在s 要在s 可以在s 只能在s 能在s 让在s],语法错误，存在无效符号“-”,7
[n+nr+r]++v给了+[n+nr+r]++n--把 [n nr r],语法错误，存在无效符号“-”,7
[n nr r]  v给了 [n nr r]  n--把 [n nr r],语法错误，存在无效符号“-”,7
一.就像--一切,语法错误，存在无效符号“-”,7
n被n--被人,语法错误，存在无效符号“-”,7
即刻^^或者,语法错误，存在无效符号“^”,7
也许*未尝--采用,语法错误，存在无效符号“-”,7
[n+nr]+v+给+[n+nr]+n--[n+nr]+n+v,语法错误，存在无效符号“-”,7
[n nr] v 给 [n nr] n--[n nr] n v,语法错误，存在无效符号“-”,7
a员--员工,语法错误，存在无效符号“-”,7
即刻^^所以,语法错误，存在无效符号“^”,7
随即^^反而,语法错误，存在无效符号“^”,7
死了^^。,语法错误，存在无效符号“^”,7
你这个n--你这个[人 朋 女 样],语法错误，存在无效符号“-”,7
个^^q,语法错误，存在无效符号“^”,7
仿佛根本--根本的,语法错误，存在无效符号“-”,7
也许正--正在,语法错误，存在无效符号“-”,7
这*的m--这是,语法错误，存在无效符号“-”,7
从^^来看,语法错误，存在无效符号“^”,7
你可以去v--了,语法错误，存在无效符号“-”,7
w我很a+w^^“我很a+w,语法错误，存在无效符号“^”,7
w我很a w^^“我很a w,语法错误，存在无效符号“^”,7
实话说--把实话说,语法错误，存在无效符号“-”,7
v得v^^感觉得到,语法错误，存在无效符号“^”,7
碰见^^被,语法错误，存在无效符号“^”,7
一定^^一定加,语法错误，存在无效符号“^”,7
无形v--无形无,语法错误，存在无效符号“-”,7
谁都v不了^^谁都杀不了,语法错误，存在无效符号“^”,7
来[a+n+q]--V来,语法错误，存在无效符号“-”,7
来[a n q]--V来,语法错误，存在无效符号“-”,7
一句解释--一句解释的话,语法错误，存在无效符号“-”,7
不能不说--我不能不说,语法错误，存在无效符号“-”,7
v铁了--是铁了,语法错误，存在无效符号“-”,7
也许*恰^^恰到,语法错误，存在无效符号“^”,7
把+n+v+a+--把/q,语法错误，存在无效符号“-”,7
把 n v a --把/q,语法错误，存在无效符号“-”,7
w应当说^^应当说明,语法错误，存在无效符号“^”,7
这样一.就--这样一来,语法错误，存在无效符号“-”,7
v进去。--听进去,语法错误，存在无效符号“-”,7
一种解释--一种解释方法,语法错误，存在无效符号“-”,7
n器--n器件,语法错误，存在无效符号“-”,7
化--化妆,语法错误，存在无效符号“-”,7
当即^^还是,语法错误，存在无效符号“^”,7
十分n--十分ad,语法错误，存在无效符号“-”,7
没想v--没想出,语法错误，存在无效符号“-”,7
v他个--个人,语法错误，存在无效符号“-”,7
$V*(n){$V=[实施];len($1)=2}^^n*w,语法错误，存在无效符号“^”,7
或许*准v^^准是,语法错误，存在无效符号“^”,7
要我说^^要我说什么,语法错误，存在无效符号“^”,7
子--公子,语法错误，存在无效符号“-”,7
似乎*绝佳--绝佳的,语法错误，存在无效符号“-”,7
说真心话^^w说真心话,语法错误，存在无效符号“^”,7
v秃了--是秃了,语法错误，存在无效符号“-”,7
n疫情--非典,语法错误，存在无效符号“-”,7
n游戏--网络游戏,语法错误，存在无效符号“-”,7
仿佛一定要^^要承担,语法错误，存在无效符号“^”,7
张/v--张狂,语法错误，存在无效符号“-”,7
v员--员工,语法错误，存在无效符号“-”,7
好像*绝对--绝对的,语法错误，存在无效符号“-”,7
难道你不^^吗,语法错误，存在无效符号“^”,7
刚刚/d+v^^刚刚 ./v,语法错误，存在无效符号“^”,7
刚刚/d v^^刚刚 ./v,语法错误，存在无效符号“^”,7
一个弹^^一个弹跳,语法错误，存在无效符号“^”,7
你真是--微博,语法错误，存在无效符号“-”,7
v勤了--变勤了,语法错误，存在无效符号“-”,7
回--回w,语法错误，存在无效符号“-”,7
刚/d+v^^刚+./v,语法错误，存在无效符号“^”,7
刚/d v^^刚 ./v,语法错误，存在无效符号“^”,7
差不多^^多,语法错误，存在无效符号“^”,7
虽然^^只有,语法错误，存在无效符号“^”,7
酸--酸奶,语法错误，存在无效符号“-”,7
../n+杀v--杀出,语法错误，存在无效符号“-”,7
../n 杀v--杀出,语法错误，存在无效符号“-”,7
v个v^^像个,语法错误，存在无效符号“^”,7
流/v+在+s--流在一起,语法错误，存在无效符号“-”,7
流/v 在 s--流在一起,语法错误，存在无效符号“-”,7
虽然^^但是,语法错误，存在无效符号“^”,7
或许诚--诚实,语法错误，存在无效符号“-”,7
m通--多数通,语法错误，存在无效符号“-”,7
炫--炫耀,语法错误，存在无效符号“-”,7
v通了--要通了,语法错误，存在无效符号“-”,7
当即^^那么,语法错误，存在无效符号“^”,7
大约*本来--的本来,语法错误，存在无效符号“-”,7
不+n--不ad,语法错误，存在无效符号“-”,7
不 n--不ad,语法错误，存在无效符号“-”,7
进行一个--进行一个多月,语法错误，存在无效符号“-”,7
不如说^^w不如说,语法错误，存在无效符号“^”,7
酸--核酸,语法错误，存在无效符号“-”,7
太棒了^^真,语法错误，存在无效符号“^”,7
v[下去+出来+上来+进去]--,语法错误，存在无效符号“-”,7
v[下去 出来 上来 进去]--,语法错误，存在无效符号“-”,7
送--送n+，,语法错误，存在无效符号“-”,7
送--送n ，,语法错误，存在无效符号“-”,7
激情+../v--的激情,语法错误，存在无效符号“-”,7
激情 ../v--的激情,语法错误，存在无效符号“-”,7
n+n+n--——,语法错误，存在无效符号“-”,7
n n n--——,语法错误，存在无效符号“-”,7
，f+v+着--，f+v+着+的,语法错误，存在无效符号“-”,7
，f v 着--，f v 着 的,语法错误，存在无效符号“-”,7
随即^^或者,语法错误，存在无效符号“^”,7
上[上+一上]--上上下下,语法错误，存在无效符号“-”,7
上[上 一上]--上上下下,语法错误，存在无效符号“-”,7
人精--害人精,语法错误，存在无效符号“-”,7
不如说--w不如说,语法错误，存在无效符号“-”,7
老实说--你老实说,语法错误，存在无效符号“-”,7
云--云云,语法错误，存在无效符号“-”,7
刚刚/d+v^^刚刚+./v,语法错误，存在无效符号“^”,7
刚刚/d v^^刚刚 ./v,语法错误，存在无效符号“^”,7
大约^^大约v,语法错误，存在无效符号“^”,7
或者--。或者,语法错误，存在无效符号“-”,7
不n--不相适应,语法错误，存在无效符号“-”,7
大概*一定要--要个好身体,语法错误，存在无效符号“-”,7
V去--过去,语法错误，存在无效符号“-”,7
分./d^^分明r,语法错误，存在无效符号“^”,7
a*爱好/n--爱好和平,语法错误，存在无效符号“-”,7
我--我们,语法错误，存在无效符号“-”,7
v在+s--v在一起,语法错误，存在无效符号“-”,7
v在 s--v在一起,语法错误，存在无效符号“-”,7
可以讲^^w可以讲,语法错误，存在无效符号“^”,7
我宁愿^^也,语法错误，存在无效符号“^”,7
v壮了--变壮了,语法错误，存在无效符号“-”,7
[职+工+岗+业]^^女,语法错误，存在无效符号“^”,7
[职 工 岗 业]^^女,语法错误，存在无效符号“^”,7
似乎*的确--确认,语法错误，存在无效符号“-”,7
难民^^难民,语法错误，存在无效符号“^”,7
固然^^然后,语法错误，存在无效符号“^”,7
该*似乎--应该,语法错误，存在无效符号“-”,7
v器--v器件,语法错误，存在无效符号“-”,7
恐怕*正--正在,语法错误，存在无效符号“-”,7
一定^^一定参,语法错误，存在无效符号“^”,7
水汪汪--水汪汪的,语法错误，存在无效符号“-”,7
不用说^^w不用说w,语法错误，存在无效符号“^”,7
歹^^好,语法错误，存在无效符号“^”,7
v轻松了--觉得轻松了,语法错误，存在无效符号“-”,7
大概能--大概能够,语法错误，存在无效符号“-”,7
v松了--是松了,语法错误，存在无效符号“-”,7
仿佛*正--正在,语法错误，存在无效符号“-”,7
似乎*竟--竟然,语法错误，存在无效符号“-”,7
v个v^^是个,语法错误，存在无效符号“^”,7
最+n--最ad--,语法错误，存在无效符号“-”,7
最 n--最ad--,语法错误，存在无效符号“-”,7
整天--一整天,语法错误，存在无效符号“-”,7
v软了--变软了,语法错误，存在无效符号“-”,7
v个v--是个,语法错误，存在无效符号“-”,7
极其n--极其有,语法错误，存在无效符号“-”,7
死了--。,语法错误，存在无效符号“-”,7
一定^^一定出,语法错误，存在无效符号“^”,7
万一--数字,语法错误，存在无效符号“-”,7
v成功了--是成功了,语法错误，存在无效符号“-”,7
中--中w,语法错误，存在无效符号“-”,7
结果怎样--不,语法错误，存在无效符号“-”,7
回回--[回+一+是+“]回回,语法错误，存在无效符号“-”,7
回回--[回 一 是 “]回回,语法错误，存在无效符号“-”,7
有v下来--没有v下来,语法错误，存在无效符号“-”,7
也许*绝对--绝对的,语法错误，存在无效符号“-”,7
v不了什么--改变不了什么,语法错误，存在无效符号“-”,7
v麻木了--是麻木了,语法错误，存在无效符号“-”,7
好不--好不好,语法错误，存在无效符号“-”,7
有多少^^呢,语法错误，存在无效符号“^”,7
\"我猜想--我猜想滴,语法错误，存在无效符号“-”,7
v破了--是破了,语法错误，存在无效符号“-”,7
m标--9000标,语法错误，存在无效符号“-”,7
好像*必得--在必得,语法错误，存在无效符号“-”,7
说句公道话^^w说句公道话,语法错误，存在无效符号“^”,7
既然^^，就^^,语法错误，存在无效符号“^”,7
V向*中--中国,语法错误，存在无效符号“-”,7
v细了--变细了,语法错误，存在无效符号“-”,7
似乎竟--竟然,语法错误，存在无效符号“-”,7
简./d^^简直r,语法错误，存在无效符号“^”,7
m+盘+n--九盘婆婆,语法错误，存在无效符号“-”,7
m 盘 n--九盘婆婆,语法错误，存在无效符号“-”,7
当即^^除非,语法错误，存在无效符号“^”,7
高../n^^h,语法错误，存在无效符号“^”,7
完^^完了，,语法错误，存在无效符号“^”,7
男^^家,语法错误，存在无效符号“^”,7
当即^^不仅,语法错误，存在无效符号“^”,7
一个失^^一个失神,语法错误，存在无效符号“^”,7
v烫了--发烫了,语法错误，存在无效符号“-”,7
v残了--要残了,语法错误，存在无效符号“-”,7
n不如n^^n不如n a,语法错误，存在无效符号“^”,7
或许*非得v^^那儿走一趟,语法错误，存在无效符号“^”,7
饶--[富饶+。人+他],语法错误，存在无效符号“-”,7
饶--[富饶 。人 他],语法错误，存在无效符号“-”,7
一定^^一定坚,语法错误，存在无效符号“^”,7
有V有V^^批判,语法错误，存在无效符号“^”,7
m+面+n--m面膜,语法错误，存在无效符号“-”,7
m 面 n--m面膜,语法错误，存在无效符号“-”,7
v凹了--变凹了,语法错误，存在无效符号“-”,7
必须--那必须,语法错误，存在无效符号“-”,7
谁让--是谁让,语法错误，存在无效符号“-”,7
得哈--哈哈,语法错误，存在无效符号“-”,7
a+爱好/n--爱好和平,语法错误，存在无效符号“-”,7
a 爱好/n--爱好和平,语法错误，存在无效符号“-”,7
该n--该v,语法错误，存在无效符号“-”,7
的帮助--帮助[n+nr+ns+nt+r],语法错误，存在无效符号“-”,7
的帮助--帮助[n nr ns nt r],语法错误，存在无效符号“-”,7
的呢--的呢？,语法错误，存在无效符号“-”,7
下n--v下,语法错误，存在无效符号“-”,7
管他^^管他v不v,语法错误，存在无效符号“^”,7
即刻^^因为,语法错误，存在无效符号“^”,7
m手--一下手,语法错误，存在无效符号“-”,7
不妨说--w不妨说,语法错误，存在无效符号“-”,7
的v^^之v,语法错误，存在无效符号“^”,7
告诉你^^w告诉你w,语法错误，存在无效符号“^”,7
大概--“大概”,语法错误，存在无效符号“-”,7
n人--n人员,语法错误，存在无效符号“-”,7
巴到--巴到天明,语法错误，存在无效符号“-”,7
有(v)--有没有,语法错误，存在无效符号“-”,7
谁都v不了^^谁都说服不了,语法错误，存在无效符号“^”,7
了也不--了也不一定,语法错误，存在无效符号“-”,7
一定^^一定在,语法错误，存在无效符号“^”,7
困死--困死我了,语法错误，存在无效符号“-”,7
n好v--好[有 想 让 起],语法错误，存在无效符号“-”,7
m员--员工,语法错误，存在无效符号“-”,7
n+n^^屁股,语法错误，存在无效符号“^”,7
n n^^屁股,语法错误，存在无效符号“^”,7
还没n^^比,语法错误，存在无效符号“^”,7
睡--睡 觉,语法错误，存在无效符号“-”,7
v漂亮了--变漂亮了,语法错误，存在无效符号“-”,7
我相信你--让,语法错误，存在无效符号“-”,7
m引--大量引,语法错误，存在无效符号“-”,7
[教+育]^^女,语法错误，存在无效符号“^”,7
[教 育]^^女,语法错误，存在无效符号“^”,7
[婚+姻]^^女,语法错误，存在无效符号“^”,7
[婚 姻]^^女,语法错误，存在无效符号“^”,7
话说--没话说,语法错误，存在无效符号“-”,7
感觉如何^^你,语法错误，存在无效符号“^”,7
一.就是--一个,语法错误，存在无效符号“-”,7
有@到w--有没有到,语法错误，存在无效符号“-”,7
也许*绝好--绝好的,语法错误，存在无效符号“-”,7
你这n--w 你这,语法错误，存在无效符号“-”,7
n好v--好[有+想+让+起],语法错误，存在无效符号“-”,7
n好v--好[有 想 让 起],语法错误，存在无效符号“-”,7
他可--他可以,语法错误，存在无效符号“-”,7
把^^人民日报海外版,语法错误，存在无效符号“^”,7
出了[出+一出]--出了出色,语法错误，存在无效符号“-”,7
出了[出 一出]--出了出色,语法错误，存在无效符号“-”,7
v舒服了--可舒服了,语法错误，存在无效符号“-”,7
大概*根本--的根本,语法错误，存在无效符号“-”,7
m辈--辈子,语法错误，存在无效符号“-”,7
必须^^！,语法错误，存在无效符号“^”,7
着--不着,语法错误，存在无效符号“-”,7
[。+，“+‘]我说，--[。+，“+‘]我说，“,语法错误，存在无效符号“-”,7
[。 ，“ ‘]我说，--[。 ，“ ‘]我说，“,语法错误，存在无效符号“-”,7
理论上说^^从理论上说,语法错误，存在无效符号“^”,7
(v)他(a){len($1)=1}--是他--让他,语法错误，存在无效符号“-”,7
似乎正--正在,语法错误，存在无效符号“-”,7
帮助^^急需帮助,语法错误，存在无效符号“^”,7
脏./n--脏腑,语法错误，存在无效符号“-”,7
一句反问--一句反问的话,语法错误，存在无效符号“-”,7
相反--[相反的+相反地],语法错误，存在无效符号“-”,7
相反--[相反的 相反地],语法错误，存在无效符号“-”,7
随即^^还是,语法错误，存在无效符号“^”,7
一路平安^^你,语法错误，存在无效符号“^”,7
，等等w--等等。,语法错误，存在无效符号“-”,7
虽然^^除非,语法错误，存在无效符号“^”,7
本来v--本来就是,语法错误，存在无效符号“-”,7
东.西.--v东v西,语法错误，存在无效符号“-”,7
v充分了--应充分了,语法错误，存在无效符号“-”,7
一定^^一定先,语法错误，存在无效符号“^”,7
好不+a--好不好,语法错误，存在无效符号“-”,7
好不 a--好不好,语法错误，存在无效符号“-”,7
走/v上--走上去,语法错误，存在无效符号“-”,7
谁都v不了^^谁都阻挡不了,语法错误，存在无效符号“^”,7
仿佛正--正在,语法错误，存在无效符号“-”,7
有被.到--没有被.到,语法错误，存在无效符号“-”,7
v+m脚--临门一脚,语法错误，存在无效符号“-”,7
v m脚--临门一脚,语法错误，存在无效符号“-”,7
光速v--p+光速,语法错误，存在无效符号“-”,7
光速v--p 光速,语法错误，存在无效符号“-”,7
背影^^吗,语法错误，存在无效符号“^”,7
计算机^^数据,语法错误，存在无效符号“^”,7
正--正式,语法错误，存在无效符号“-”,7
n一个w--一人一个,语法错误，存在无效符号“-”,7
激情+../v--v*激情,语法错误，存在无效符号“-”,7
激情 ../v--v*激情,语法错误，存在无效符号“-”,7
光--v光,语法错误，存在无效符号“-”,7
或许可--或许可以,语法错误，存在无效符号“-”,7
为--1,语法错误，存在无效符号“-”,7
三方n--三方面,语法错误，存在无效符号“-”,7
她可--她可不可以,语法错误，存在无效符号“-”,7
恭喜恭喜^^了,语法错误，存在无效符号“^”,7
有被*到--有被*到的,语法错误，存在无效符号“-”,7
变--改变,语法错误，存在无效符号“-”,7
w也许，-,语法错误，存在无效符号“-”,7
恐怕*本来v^^想说,语法错误，存在无效符号“^”,7
你一个..，--你一个n,语法错误，存在无效符号“-”,7
虽然^^不管,语法错误，存在无效符号“^”,7
公安^^报,语法错误，存在无效符号“^”,7
你这n--你这[一生 名字 话],语法错误，存在无效符号“-”,7
v饱了--觉得饱了,语法错误，存在无效符号“-”,7
个q--个种,语法错误，存在无效符号“-”,7
退*的--退[下+出+休+化+役+伍+烧],语法错误，存在无效符号“-”,7
退*的--退[下 出 休 化 役 伍 烧],语法错误，存在无效符号“-”,7
人看起来--让人看起来,语法错误，存在无效符号“-”,7
v圆了--变圆了,语法错误，存在无效符号“-”,7
女^^([工作+职场+岗位+职责+职业]),语法错误，存在无效符号“^”,7
女^^([工作 职场 岗位 职责 职业]),语法错误，存在无效符号“^”,7
通常，^^通常，,语法错误，存在无效符号“^”,7
[家+房+屋]^^女,语法错误，存在无效符号“^”,7
[家 房 屋]^^女,语法错误，存在无效符号“^”,7
你还记得^^吗,语法错误，存在无效符号“^”,7
二--二十,语法错误，存在无效符号“-”,7
v晚了--是晚了,语法错误，存在无效符号“-”,7
好像*准v^^准要,语法错误，存在无效符号“^”,7
v倒了--是倒了,语法错误，存在无效符号“-”,7
句叮咛--叮咛的话,语法错误，存在无效符号“-”,7
V美女，--是美女,语法错误，存在无效符号“-”,7
刚/d+v^^刚 ./v,语法错误，存在无效符号“^”,7
刚/d v^^刚 ./v,语法错误，存在无效符号“^”,7
r位a--m位a,语法错误，存在无效符号“-”,7
大概正--正常,语法错误，存在无效符号“-”,7
大概原来^^原来就是,语法错误，存在无效符号“^”,7
[没+没有]过过--从来[没 没有]过过,语法错误，存在无效符号“-”,7
[没 没有]过过--从来[没 没有]过过,语法错误，存在无效符号“-”,7
a精--黄精,语法错误，存在无效符号“-”,7
加油啊^^你,语法错误，存在无效符号“^”,7
v太平了--要太平了,语法错误，存在无效符号“-”,7
w我很a+w--[，+。+！+；+？+“+：+、+…]我很a+w,语法错误，存在无效符号“-”,7
w我很a w--[， 。 ！ ； ？ “ ： 、 …]我很a w,语法错误，存在无效符号“-”,7
的注意--注意[n+nr+ns+nt+r],语法错误，存在无效符号“-”,7
的注意--注意[n nr ns nt r],语法错误，存在无效符号“-”,7
这样说--w这样说w,语法错误，存在无效符号“-”,7
就^^泰国学生,语法错误，存在无效符号“^”,7
于^^100,语法错误，存在无效符号“^”,7
我操！--。我操,语法错误，存在无效符号“-”,7
要不--要不要,语法错误，存在无效符号“-”,7
度^^v度,语法错误，存在无效符号“^”,7
秒v--秒杀,语法错误，存在无效符号“-”,7
v准了--是准了,语法错误，存在无效符号“-”,7
一把n--一把刀,语法错误，存在无效符号“-”,7
m注--十分注,语法错误，存在无效符号“-”,7
当即^^或者,语法错误，存在无效符号“^”,7
句夸奖--夸奖的话,语法错误，存在无效符号“-”,7
一定v^^我一定,语法错误，存在无效符号“^”,7
一.就--成就,语法错误，存在无效符号“-”,7
怎么回事^^是,语法错误，存在无效符号“^”,7
应该^^！,语法错误，存在无效符号“^”,7
v过分了--是过分了,语法错误，存在无效符号“-”,7
看N--看吓一跳,语法错误，存在无效符号“-”,7
有意--有意义,语法错误，存在无效符号“-”,7
成功*钱--钱学森|钱某,语法错误，存在无效符号“-”,7
(a)就(a){$1=$2;len($1)<6}--a就a了--(a)就(a)在{$1=$2;len($1)<6},语法错误，存在无效符号“-”,7
也许*正--正在,语法错误，存在无效符号“-”,7
狮--新浪狮,语法错误，存在无效符号“-”,7
v自[n+f+nr+ns+nt+s+r]--是自,语法错误，存在无效符号“-”,7
v自[n f nr ns nt s r]--是自,语法错误，存在无效符号“-”,7
据云--据云南,语法错误，存在无效符号“-”,7
该*大概--应该,语法错误，存在无效符号“-”,7
睡+n[f+s]--睡一起,语法错误，存在无效符号“-”,7
睡 n[f s]--睡一起,语法错误，存在无效符号“-”,7
v到[n+f+nr+ns+nt+s+r]^^带到,语法错误，存在无效符号“^”,7
v到[n f nr ns nt s r]^^带到,语法错误，存在无效符号“^”,7
一张^^纸,语法错误，存在无效符号“^”,7
v病了--是病了,语法错误，存在无效符号“-”,7
似乎可--似乎可以,语法错误，存在无效符号“-”,7
把*v--把*给V,语法错误，存在无效符号“-”,7
此n*该n--因此,语法错误，存在无效符号“-”,7
谁都v不了^^谁都跑不了,语法错误，存在无效符号“^”,7
或许*索性--那就,语法错误，存在无效符号“-”,7
话说--的话说,语法错误，存在无效符号“-”,7
n媛--媛媛,语法错误，存在无效符号“-”,7
一.就过去--一天,语法错误，存在无效符号“-”,7
m目--目的,语法错误，存在无效符号“-”,7
句肯定--肯定的,语法错误，存在无效符号“-”,7
将*进行到底--革命,语法错误，存在无效符号“-”,7
吃.苦--的,语法错误，存在无效符号“-”,7
r+什么时候+v--无论,语法错误，存在无效符号“-”,7
r 什么时候 v--无论,语法错误，存在无效符号“-”,7
v湿了--是湿了,语法错误，存在无效符号“-”,7
v素了--吃素了,语法错误，存在无效符号“-”,7
城南旧事^^就,语法错误，存在无效符号“^”,7
当即^^也,语法错误，存在无效符号“^”,7
v称--可以称,语法错误，存在无效符号“-”,7
[nr+r]+v+n+给[nr+r]+--给[nr+r]+v,语法错误，存在无效符号“-”,7
[nr r] v n 给[nr r] --给[nr r] v,语法错误，存在无效符号“-”,7
不妨说^^我们不妨说,语法错误，存在无效符号“^”,7
大概*正--正常,语法错误，存在无效符号“-”,7
r这是--v+r+这是,语法错误，存在无效符号“-”,7
r这是--v r 这是,语法错误，存在无效符号“-”,7
我们一个*，--我们一个n,语法错误，存在无效符号“-”,7
到什么时候^^你,语法错误，存在无效符号“^”,7
程度副词^^名词,语法错误，存在无效符号“^”,7
农业^^农村,语法错误，存在无效符号“^”,7
太n--太v,语法错误，存在无效符号“-”,7
当即^^否则,语法错误，存在无效符号“^”,7
一个n^^她们一个n,语法错误，存在无效符号“^”,7
v残废了--要残废了,语法错误，存在无效符号“-”,7
a的脸--可恶,语法错误，存在无效符号“-”,7
钓鱼--在钓鱼,语法错误，存在无效符号“-”,7
固然^^不管,语法错误，存在无效符号“^”,7
这样那样--这样那样的,语法错误，存在无效符号“-”,7
一n一个--人,语法错误，存在无效符号“-”,7
即刻^^既,语法错误，存在无效符号“^”,7
w我a了w--我老了,语法错误，存在无效符号“-”,7
一+件+n--一 件 事,语法错误，存在无效符号“-”,7
一 件 n--一 件 事,语法错误，存在无效符号“-”,7
记忆--记忆力,语法错误，存在无效符号“-”,7
我想^^，我想,语法错误，存在无效符号“^”,7
n机--手机,语法错误，存在无效符号“-”,7
即刻^^只要,语法错误，存在无效符号“^”,7
唯--唯一,语法错误，存在无效符号“-”,7
他一个*；--他一个n,语法错误，存在无效符号“-”,7
和谐-,语法错误，存在无效符号“-”,7
快*了--，,语法错误，存在无效符号“-”,7
挺n--挺ad,语法错误，存在无效符号“-”,7
v个V--是个,语法错误，存在无效符号“-”,7
仿佛本来--本来的,语法错误，存在无效符号“-”,7
当即^^只有,语法错误，存在无效符号“^”,7
vn器--vn器材,语法错误，存在无效符号“-”,7
好像*未免--在说,语法错误，存在无效符号“-”,7
你一个*。--你一个n,语法错误，存在无效符号“-”,7
句讽刺--讽刺话,语法错误，存在无效符号“-”,7
最+n--最ad,语法错误，存在无效符号“-”,7
最 n--最ad,语法错误，存在无效符号“-”,7
从^^看来,语法错误，存在无效符号“^”,7
有被v到--没有被v到,语法错误，存在无效符号“-”,7
m颗n--颗粒,语法错误，存在无效符号“-”,7
那*+m+q+n^^的,语法错误，存在无效符号“^”,7
那* m q n^^的,语法错误，存在无效符号“^”,7
。倒--倒是,语法错误，存在无效符号“-”,7
v痛了--开始痛了,语法错误，存在无效符号“-”,7
种子--n种子,语法错误，存在无效符号“-”,7
住酒店--入住酒店,语法错误，存在无效符号“-”,7
n齐--n齐全,语法错误，存在无效符号“-”,7
污Ng--污名,语法错误，存在无效符号“-”,7
m裁--裁军,语法错误，存在无效符号“-”,7
./v+来--如来,语法错误，存在无效符号“-”,7
./v 来--如来,语法错误，存在无效符号“-”,7
也许会--也许会——,语法错误，存在无效符号“-”,7
要^^！,语法错误，存在无效符号“^”,7
总是这么--微博,语法错误，存在无效符号“-”,7
v成熟了--变成熟了,语法错误，存在无效符号“-”,7
何./d^^何必r,语法错误，存在无效符号“^”,7
n书--书店,语法错误，存在无效符号“-”,7
即刻^^甚至,语法错误，存在无效符号“^”,7
一句慰问--一句慰问的话,语法错误，存在无效符号“-”,7
v响了--是响了,语法错误，存在无效符号“-”,7
不得不说^^我不得不说,语法错误，存在无效符号“^”,7
大约可--大约可以,语法错误，存在无效符号“-”,7
过过--[次也+次都+回也+回都+曾经+从来没+是+有+路]过过,语法错误，存在无效符号“-”,7
过过--[次也 次都 回也 回都 曾经 从来没 是 有 路]过过,语法错误，存在无效符号“-”,7
从--从事--,语法错误，存在无效符号“-”,7
一个闪^^一个闪身,语法错误，存在无效符号“^”,7
只要^^就,语法错误，存在无效符号“^”,7
v疼了--开始疼了,语法错误，存在无效符号“-”,7
该*好像--应该,语法错误，存在无效符号“-”,7
n没有n+a--没有*一样,语法错误，存在无效符号“-”,7
n没有n a--没有*一样,语法错误，存在无效符号“-”,7
w寄来^^n,语法错误，存在无效符号“^”,7
的庆祝--庆祝*会,语法错误，存在无效符号“-”,7
v骚了--闷骚了,语法错误，存在无效符号“-”,7
m+件+n--一+件+n,语法错误，存在无效符号“-”,7
m 件 n--一 件 n,语法错误，存在无效符号“-”,7
一定^^一定取,语法错误，存在无效符号“^”,7
一定^^一定去,语法错误，存在无效符号“^”,7
v糊涂了--是糊涂了,语法错误，存在无效符号“-”,7
女n--男,语法错误，存在无效符号“-”,7
斯里兰卡^^茶,语法错误，存在无效符号“^”,7
v穷了--变穷了,语法错误，存在无效符号“-”,7
r那是--v r 那是,语法错误，存在无效符号“-”,7
似乎*正--正在,语法错误，存在无效符号“-”,7
把--一把,语法错误，存在无效符号“-”,7
联系在[nt+ns+s+f+r]--联系在一起,语法错误，存在无效符号“-”,7
联系在[nt ns s f r]--联系在一起,语法错误，存在无效符号“-”,7
这一问--这一问题,语法错误，存在无效符号“-”,7
妈呀--爸妈呀,语法错误，存在无效符号“-”,7
下下--下下[停停+个+星期+周+期+午+次+月+辈+年+学+下+一+场+世+之],语法错误，存在无效符号“-”,7
下下--下下[停停 个 星期 周 期 午 次 月 辈 年 学 下 一 场 世 之],语法错误，存在无效符号“-”,7
v碎了--要碎了,语法错误，存在无效符号“-”,7
恐怕反--反倒,语法错误，存在无效符号“-”,7
二号--二号”,语法错误，存在无效符号“-”,7
也许肯--也许肯定,语法错误，存在无效符号“-”,7
v下--v[下去 下来],语法错误，存在无效符号“-”,7
会^^会,语法错误，存在无效符号“^”,7
出*出了[出+一出]--出了出了出了,语法错误，存在无效符号“-”,7
出*出了[出 一出]--出了出了出了,语法错误，存在无效符号“-”,7
靠s--[依靠+停靠],语法错误，存在无效符号“-”,7
靠s--[依靠 停靠],语法错误，存在无效符号“-”,7
a喽--喽啰,语法错误，存在无效符号“-”,7
无+.可.--可能，可以,语法错误，存在无效符号“-”,7
无 .可.--可能，可以,语法错误，存在无效符号“-”,7
历史^^传统,语法错误，存在无效符号“^”,7
起了[起+一起]--起了起了,语法错误，存在无效符号“-”,7
起了[起 一起]--起了起了,语法错误，存在无效符号“-”,7
只有v--才,语法错误，存在无效符号“-”,7
的检查--检查[n+nr+ns+nt+r],语法错误，存在无效符号“-”,7
的检查--检查[n nr ns nt r],语法错误，存在无效符号“-”,7
似乎*一定能--能传了种,语法错误，存在无效符号“-”,7
秒秒--一秒秒,语法错误，存在无效符号“-”,7
干n--干锅,语法错误，存在无效符号“-”,7
多久了^^你,语法错误，存在无效符号“^”,7
随即^^但是,语法错误，存在无效符号“^”,7
w我很a+w^^、我很a+w,语法错误，存在无效符号“^”,7
w我很a w^^、我很a w,语法错误，存在无效符号“^”,7
种种n--原因,语法错误，存在无效符号“-”,7
说真的^^w说真的,语法错误，存在无效符号“^”,7
少说^^话少说,语法错误，存在无效符号“^”,7
也许*未免--免疫,语法错误，存在无效符号“-”,7
意见^^意见不明,语法错误，存在无效符号“^”,7
由于^^的原因,语法错误，存在无效符号“^”,7
上n--v上,语法错误，存在无效符号“-”,7
一定^^一定办,语法错误，存在无效符号“^”,7
您一个*，--您一个n,语法错误，存在无效符号“-”,7
有被v到--没有,语法错误，存在无效符号“-”,7
有什么~的^^的w,语法错误，存在无效符号“^”,7
端./v--端正,语法错误，存在无效符号“-”,7
位^^q,语法错误，存在无效符号“^”,7
大概*非v--并非,语法错误，存在无效符号“-”,7
之列^^跻身,语法错误，存在无效符号“^”,7
句劝--劝告,语法错误，存在无效符号“-”,7
是*的w--是n的W,语法错误，存在无效符号“-”,7
似乎*绝对--绝对的,语法错误，存在无效符号“-”,7
一n一个n--一人,语法错误，存在无效符号“-”,7
句招呼--招呼的话,语法错误，存在无效符号“-”,7
不V了--不V了。,语法错误，存在无效符号“-”,7
大概*实在--实在的,语法错误，存在无效符号“-”,7
谁都v不了^^谁都影响不了,语法错误，存在无效符号“^”,7
刚/d+v^^刚 ../v,语法错误，存在无效符号“^”,7
刚/d v^^刚 ../v,语法错误，存在无效符号“^”,7
根本上说^^从根本上说,语法错误，存在无效符号“^”,7
开不开--[下次 下次还]开不开,语法错误，存在无效符号“-”,7
仿佛*竟--竟然,语法错误，存在无效符号“-”,7
抓包--手抓包,语法错误，存在无效符号“-”,7
体育^^比赛,语法错误，存在无效符号“^”,7
下[下+一下]--下下停停,语法错误，存在无效符号“-”,7
下[下 一下]--下下停停,语法错误，存在无效符号“-”,7
v硬了--变硬了,语法错误，存在无效符号“-”,7
感^^n感,语法错误，存在无效符号“^”,7
一个翻^^一个翻身,语法错误，存在无效符号“^”,7
男n--女,语法错误，存在无效符号“-”,7
成功*钱--钱学森|钱塘江,语法错误，存在无效符号“-”,7
了也不--了也不会,语法错误，存在无效符号“-”,7
当即^^只要,语法错误，存在无效符号“^”,7
你一个....，--你一个n,语法错误，存在无效符号“-”,7
v变形了--要变形了,语法错误，存在无效符号“-”,7
N客--N客人,语法错误，存在无效符号“-”,7
得了[，+。+！+？]--不得,语法错误，存在无效符号“-”,7
得了[， 。 ！ ？]--不得,语法错误，存在无效符号“-”,7
不要^^否定,语法错误，存在无效符号“^”,7
一定^^一定到,语法错误，存在无效符号“^”,7
../a人--人物,语法错误，存在无效符号“-”,7
属实-,语法错误，存在无效符号“-”,7
[，+。]我说，--[，+。]我说，“,语法错误，存在无效符号“-”,7
[， 。]我说，--[， 。]我说，“,语法错误，存在无效符号“-”,7
他们一个*？--他们一个n,语法错误，存在无效符号“-”,7
很小*会--一,语法错误，存在无效符号“-”,7
打/v--[打v+打a+打f+打p+打得],语法错误，存在无效符号“-”,7
打/v--[打v 打a 打f 打p 打得],语法错误，存在无效符号“-”,7
似乎本来--本来的,语法错误，存在无效符号“-”,7
似乎能--似乎能够,语法错误，存在无效符号“-”,7
n+挺好的--感觉挺好的,语法错误，存在无效符号“-”,7
n 挺好的--感觉挺好的,语法错误，存在无效符号“-”,7
**女,*女,8
要是{len(30},语法错误，限制条件格式错误,8
(v)着{($1)>1},(v)着{len($1)>1},8
(u)汗{($1)>1},(u)汗{len($1)>1},8
***任务,*任务,8
(p)猪{($1)<2},(p)猪{len($1)<2},8
**？,*？,8
经济n{len($1)=2},经济(n){len($1)=2},8
满{len(1)},语法错误，限制条件格式错误,8
(n)慢{($1)>1},(n)慢{len($1)>1},8
花房l{len($1)=2},花房(l){len($1)=2},8
(n)着{($1)>3},(n)着{len($1)>3},8
v假{len($1)>1},(v)假{len($1)>1},8
(ns)哪个{($1)<3},(ns)哪个{len($1)<3},8
软件***再,软件*再,8
**徐鹏飞,*徐鹏飞,8
准确{len(2)},语法错误，限制条件格式错误,8
调节***供需,调节*供需,8
做n{len($1)=1},做(n){len($1)=1},8
(d)昨天{($1)<3},(d)昨天{len($1)<3},8
(a)睡觉{($1)>2},(a)睡觉{len($1)>2},8
男人们@@@@意商,男人们@意商,8
v。{len($1)>1},(v)。{len($1)>1},8
(n)自{($1)<3},(n)自{len($1)<3},8
(r)特{($1)=1},(r)特{len($1)=1},8
这就{len(2)},语法错误，限制条件格式错误,8
在@@一个,在@一个,8
(d)需要{($1)>1},(d)需要{len($1)>1},8
思娈{len(2)},语法错误，限制条件格式错误,8
为n{len($1)=1},为(n){len($1)=1},8
迁徙{len(2)},语法错误，限制条件格式错误,8
(w)女人{($1)>1},(w)女人{len($1)>1},8
张伯洋{len(3)},语法错误，限制条件格式错误,8
(n)着{($1)<4},(n)着{len($1)<4},8
ns走{len($1)>1},(ns)走{len($1)>1},8
(w)着{($1)<2},(w)着{len($1)<2},8
(n)着{($1)<2},(n)着{len($1)<2},8
(vn)哈{($1)<3},(vn)哈{len($1)<3},8
(r)着{($1)<3},(r)着{len($1)<3},8
(v)着{($1)=2},(v)着{len($1)=2},8
。{len(1)},语法错误，限制条件格式错误,8
v香{len($1)>1},(v)香{len($1)>1},8
坚守{len(2)},语法错误，限制条件格式错误,8
(n)着{($1)=2},(n)着{len($1)=2},8
诞生{len(2)},语法错误，限制条件格式错误,8
(d)着{($1)=2},(d)着{len($1)=2},8
(ns)后天{($1)=2},(ns)后天{len($1)=2},8
(v)几天{($1)>1},(v)几天{len($1)>1},8
买买江{len(3)},语法错误，限制条件格式错误,8
(w)着{($1)=1},(w)着{len($1)=1},8
？{len(1)},语法错误，限制条件格式错误,8
(n)移动{($1)<3},(n)移动{len($1)<3},8
(v)从{($1)<3},(v)从{len($1)<3},8
(l)市{($1)=2},(l)市{len($1)=2},8
(w)手{($1)>1},(w)手{len($1)>1},8
(v)旁边{($1)=2},(v)旁边{len($1)=2},8
(q)着{($1)>1},(q)着{len($1)>1},8
(n)着{($1)<3},(n)着{len($1)<3},8
风景线{len(3)},语法错误，限制条件格式错误,8
(nr)着{($1)<2},(nr)着{len($1)<2},8
***革命,*革命,8
(n)回去{($1)>3},(n)回去{len($1)>3},8
再{len(1)},语法错误，限制条件格式错误,8
(y)对{($1)=1},(y)对{len($1)=1},8
(n)多久{($1)=1},(n)多久{len($1)=1},8
学生n{len($1)=2},学生(n){len($1)=2},8
(ad)其他{($1)=2},(ad)其他{len($1)=2},8
(n)单{($1)=2},(n)单{len($1)=2},8
(d)子{($1)>1},(d)子{len($1)>1},8
(an)怎{($1)<3},(an)怎{len($1)<3},8
(n)看来{($1)<3},(n)看来{len($1)<3},8
推行{len(2)},语法错误，限制条件格式错误,8
服务{len(2)},语法错误，限制条件格式错误,8
二{len(1)},语法错误，限制条件格式错误,8
创新***。,创新*。,8
辛苦{len(2)},语法错误，限制条件格式错误,8
(f)着{($1)>2},(f)着{len($1)>2},8
(v)着{($1)>2},(v)着{len($1)>2},8
(n)女孩{($1)<3},(n)女孩{len($1)<3},8
n我{len($1)>1},(n)我{len($1)>1},8
不Dg{len($1)=1},不(Dg){len($1)=1},8
(n)才能{($1)=2},(n)才能{len($1)=2},8
(n)滴{($1)<3},(n)滴{len($1)<3},8
v多{len($1)>1},(v)多{len($1)>1},8
(n)心情{($1)>2},(n)心情{len($1)>2},8
推进{len(2)},语法错误，限制条件格式错误,8
矣{len(1)},语法错误，限制条件格式错误,8
(n)起{($1)=2},(n)起{len($1)=2},8
(w)干什么{($1)>1},(w)干什么{len($1)>1},8
(w)写{($1)>1},(w)写{len($1)>1},8
(nr)着{($1)=1},(nr)着{len($1)=1},8
(v)该{($1)<3},(v)该{len($1)<3},8
(v)干什么{($1)<3},(v)干什么{len($1)<3},8
(nt)查{($1)=3},(nt)查{len($1)=3},8
(u)挺{($1)>1},(u)挺{len($1)>1},8
***邓家祥,*邓家祥,8
卫星n{len($1)=2},卫星(n){len($1)=2},8
、**地方政府,、*地方政府,8
(r)交{($1)<3},(r)交{len($1)<3},8
(m)本{($1)>2},(m)本{len($1)>2},8
(n)然后{($1)<3},(n)然后{len($1)<3},8
(ns)学习{($1)=2},(ns)学习{len($1)=2},8
(u)确实{($1)>1},(u)确实{len($1)>1},8
如何{len(2)},语法错误，限制条件格式错误,8
环保局{len(3)},语法错误，限制条件格式错误,8
(v)命{($1)=2},(v)命{len($1)=2},8
(v)起来{($1)<3},(v)起来{len($1)<3},8
(w)月{($1)<2},(w)月{len($1)<2},8
(v)哎{($1)>2},(v)哎{len($1)>2},8
是{len(1)},语法错误，限制条件格式错误,8
查获{len(2)},语法错误，限制条件格式错误,8
(nr)着{($1)>3},(nr)着{len($1)>3},8
国家i{len($1)=2},国家(i){len($1)=2},8
喻t{len($1)=1},喻(t){len($1)=1},8
**行不通,*行不通,8
标杆{len(2)},语法错误，限制条件格式错误,8
(u)着{($1)>1},(u)着{len($1)>1},8
(y)考试{($1)<2},(y)考试{len($1)<2},8
(v)当然{($1)>2},(v)当然{len($1)>2},8
现在t{len($1)=2},现在(t){len($1)=2},8
(p)退{($1)>1},(p)退{len($1)>1},8
谴责t日本c{$1=$2},谴责(t)日本(c){$1=$2},8
的q{len($1)=1},的(q){len($1)=1},8
一{len(1)},语法错误，限制条件格式错误,8
的{len(1)},语法错误，限制条件格式错误,8
(n)偷{($1)=2},(n)偷{len($1)=2},8
(v)短信{($1)=1},(v)短信{len($1)=1},8
(j)查{($1)>3},(j)查{len($1)>3},8
(v)开始{($1)=2},(v)开始{len($1)=2},8
(n)着{($1)>2},(n)着{len($1)>2},8
(v)海{($1)<3},(v)海{len($1)<3},8
(q)后悔{($1)<2},(q)后悔{len($1)<2},8
(n)身上{($1)=2},(n)身上{len($1)=2},8
(f)噢{($1)=1},(f)噢{len($1)=1},8
(p)困{($1)>1},(p)困{len($1)>1},8
(ad)公{($1)=2},(ad)公{len($1)=2},8
本@@一,本@一,8
国家***竞争力,国家*竞争力,8
(an)着{($1)=2},(an)着{len($1)=2},8
(w)昨天{($1)>1},(w)昨天{len($1)>1},8
(v)夜{($1)<2},(v)夜{len($1)<2},8
(n)货{($1)=2},(n)货{len($1)=2},8
(n)正常{($1)=3},(n)正常{len($1)=3},8
***政府,*政府,8
战士们{len(3)},语法错误，限制条件格式错误,8
个{len(1)},语法错误，限制条件格式错误,8
惠农@@@避免,惠农@避免,8
(v)起来{($1)>2},(v)起来{len($1)>2},8
、{len(1)},语法错误，限制条件格式错误,8
(a)着{($1)=2},(a)着{len($1)=2},8
(vd)着{($1)>2},(vd)着{len($1)>2},8
一道道n巍然an{$1=$2},一道道(n)巍然(an){$1=$2},8
(m)着{($1)>2},(m)着{len($1)>2},8
采访@@@。,采访@。,8
****还是,*还是,8
其实{len(2)},语法错误，限制条件格式错误,8
****民意,*民意,8
(v)林{($1)>2},(v)林{len($1)>2},8
(m)着{($1)=2},(m)着{len($1)=2},8
(w)生日{($1)=1},(w)生日{len($1)=1},8
***为了,*为了,8
(v)着{($1)>3},(v)着{len($1)>3},8
(an)网{($1)>2},(an)网{len($1)>2},8
(v)火{($1)=2},(v)火{len($1)=2},8
(w)垃圾{($1)<2},(w)垃圾{len($1)<2},8
，{len(1)},语法错误，限制条件格式错误,8
马鬃山q玉矿v{$1=$2},马鬃山(q)玉矿(v){$1=$2},8
村民@@@。,村民@。,8
人口{len(2)},语法错误，限制条件格式错误,8
天术ad！Tg{$1=$2},天术(ad)！(Tg){$1=$2},8
委托{len(2)},语法错误，限制条件格式错误,8
(p)花{($1)=1},(p)花{len($1)=1},8
(v)进{($1)>2},(v)进{len($1)>2},8
中院@@@说,中院@说,8
***经济,*经济,8
(a)肚子{($1)<2},(a)肚子{len($1)<2},8
纪念@@@。,纪念@。,8
位{len(1)},语法错误，限制条件格式错误,8
人民{len(2)},语法错误，限制条件格式错误,8
下{len(1)},语法错误，限制条件格式错误,8
(i)流{($1)<3},(i)流{len($1)<3},8
(l)着{($1)>4},(l)着{len($1)>4},8
最先j{len($1)=2},最先(j){len($1)=2},8
直接{len(2)},语法错误，限制条件格式错误,8
(w)着{($1)>1},(w)着{len($1)>1},8
总{len(1)},语法错误，限制条件格式错误,8
(b)不管{($1)>2},(b)不管{len($1)>2},8
(u)着{($1)<2},(u)着{len($1)<2},8
(n)着{($1)=3},(n)着{len($1)=3},8
第六十七{len(4)},语法错误，限制条件格式错误,8
高nt{len($1)=1},高(nt){len($1)=1},8
(v)热{($1)>2},(v)热{len($1)>2},8
(v)着{($1)=1},(v)着{len($1)=1},8
i螃蟹{len($1)>2},(i)螃蟹{len($1)>2},8
**三大,*三大,8
拳拳ns{len($1)=2},拳拳(ns){len($1)=2},8
(u)公{($1)>1},(u)公{len($1)>1},8
(w)对不起{($1)=1},(w)对不起{len($1)=1},8
元{len(1)},语法错误，限制条件格式错误,8
澄心an草木un{$1=$2},澄心(an)草木(un){$1=$2},8
重返{len(2)},语法错误，限制条件格式错误,8
(vn)太{($1)>2},(vn)太{len($1)>2},8
**靠,*靠,8
(r)着{($1)=2},(r)着{len($1)=2},8
(v)后天{($1)>2},(v)后天{len($1)>2},8
(n)兄弟{($1)<3},(n)兄弟{len($1)<3},8
(n)热{($1)>2},(n)热{len($1)>2},8
身边{len(2)},语法错误，限制条件格式错误,8
(w)差{($1)<2},(w)差{len($1)<2},8
**哪里,*哪里,8
民工n代表q{$1=$2},民工(n)代表(q){$1=$2},8
(nr)必须{($1)>3},(nr)必须{len($1)>3},8
c、{len($1)>1},(c)、{len($1)>1},8
(v)乐{($1)=1},(v)乐{len($1)=1},8
凝炼{len(2)},语法错误，限制条件格式错误,8
(v)事{($1)=1},(v)事{len($1)=1},8
(u)什么{($1)>1},(u)什么{len($1)>1},8
全球{len(2)},语法错误，限制条件格式错误,8
法庭***为,法庭*为,8
失当{len(2)},语法错误，限制条件格式错误,8
(u)着{($1)=1},(u)着{len($1)=1},8
(n)关系{($1)>2},(n)关系{len($1)>2},8
智能{len(2)},语法错误，限制条件格式错误,8
(v)着{($1)<2},(v)着{len($1)<2},8
在{len(1)},语法错误，限制条件格式错误,8
**潜伏,*潜伏,8
(c)西{($1)<2},(c)西{len($1)<2},8
巴金{len(2)},语法错误，限制条件格式错误,8
(ns)还有{($1)<3},(ns)还有{len($1)<3},8
(vn)王{($1)>2},(vn)王{len($1)>2},8
(v)英语{($1)=2},(v)英语{len($1)=2},8
往{len(1)},语法错误，限制条件格式错误,8
我**，,我*，,8
临沂市****张术平,临沂市*张术平,8
nt主导权{len($1)>3},(nt)主导权{len($1)>3},8
视觉{len(2)},语法错误，限制条件格式错误,8
暖**白血病,暖*白血病,8
好几百{len(3)},语法错误，限制条件格式错误,8
村n，l{$1=$2},村(n)，(l){$1=$2},8
第三十六Dg{len($1)=4},第三十六(Dg){len($1)=4},8
(nz)着{($1)>4},(nz)着{len($1)>4},8
国家@@@发改委,国家@发改委,8
(v)连{($1)=2},(v)连{len($1)=2},8
(v)不管{($1)<3},(v)不管{len($1)<3},8
(a)着{($1)>2},(a)着{len($1)>2},8
事{len(1)},语法错误，限制条件格式错误,8
频繁***换帅,频繁*换帅,8
说n。v{$1=$2},说(n)。(v){$1=$2},8
徇私舞弊{len(4)},语法错误，限制条件格式错误,8
(w)处{($1)=1},(w)处{len($1)=1},8
(v)有没有{($1)=2},(v)有没有{len($1)=2},8
(i)宿舍{($1)<8},(i)宿舍{len($1)<8},8
(v)人{($1)=1},(v)人{len($1)=1},8
韩ns首次v{$1=$2},韩(ns)首次(v){$1=$2},8
审理者@@@@、,审理者@、,8
微议录{len(3)},语法错误，限制条件格式错误,8
(n)感情{($1)>2},(n)感情{len($1)>2},8
**积极,*积极,8
(w)最好{($1)>1},(w)最好{len($1)>1},8
保真***评弹,保真*评弹,8
***上,*上,8
(v)唉{($1)=1},(v)唉{len($1)=1},8
(n)但是{($1)=2},(n)但是{len($1)=2},8
(n)生气{($1)<3},(n)生气{len($1)<3},8
雾霾{len(2)},语法错误，限制条件格式错误,8
感慨{len(2)},语法错误，限制条件格式错误,8
(w)生活{($1)<2},(w)生活{len($1)<2},8
(n)睡着{($1)>1},(n)睡着{len($1)>1},8
(nr)一辈子{($1)=2},(nr)一辈子{len($1)=2},8
(n)下雨{($1)=2},(n)下雨{len($1)=2},8
以为@@@从,以为@从,8
《{len(1)},语法错误，限制条件格式错误,8
(a)着{($1)>1},(a)着{len($1)>1},8
技术{len(2)},语法错误，限制条件格式错误,8
承担@@@舆论,承担@舆论,8
(d)学习{($1)>1},(d)学习{len($1)>1},8
(w)当然{($1)=1},(w)当然{len($1)=1},8
雾霾p应对e{$1=$2},雾霾(p)应对(e){$1=$2},8
(q)情{($1)=1},(q)情{len($1)=1},8
明显{len(2)},语法错误，限制条件格式错误,8
(w)自{($1)=1},(w)自{len($1)=1},8
此后***一直,此后*一直,8
v难保{len($1)>2},(v)难保{len($1)>2},8
(w)包{($1)>1},(w)包{len($1)>1},8
等{len(1)},语法错误，限制条件格式错误,8
(f)不怕{($1)>2},(f)不怕{len($1)>2},8
(v)妹{($1)>1},(v)妹{len($1)>1},8
v把{len($1)>1},(v)把{len($1)>1},8
(v)金{($1)<3},(v)金{len($1)<3},8
开发{len(2)},语法错误，限制条件格式错误,8
(nr)着{($1)>2},(nr)着{len($1)>2},8
(m)上学{($1)=1},(m)上学{len($1)=1},8
探讨p{len($1)=2},探讨(p){len($1)=2},8
(n)骗{($1)>3},(n)骗{len($1)>3},8
提升@@@。,提升@。,8
中华{len(2)},语法错误，限制条件格式错误,8
(j)着{($1)<3},(j)着{len($1)<3},8
(nr)辛苦{($1)=2},(nr)辛苦{len($1)=2},8
(v)呵呵{($1)<2},(v)呵呵{len($1)<2},8
(m)着{($1)=1},(m)着{len($1)=1},8
(n)着{($1)=1},(n)着{len($1)=1},8
(u)看{($1)=1},(u)看{len($1)=1},8
(j)着{($1)>3},(j)着{len($1)>3},8
我{len(1)},语法错误，限制条件格式错误,8
****说,*说,8
(n)岁{($1)=2},(n)岁{len($1)=2},8
小花c{len($1)=2},小花(c){len($1)=2},8
李清n{len($1)=2},李清(n){len($1)=2},8
(n)试{($1)>2},(n)试{len($1)>2},8
(r)着{($1)=1},(r)着{len($1)=1},8
(n)怎样{($1)<3},(n)怎样{len($1)<3},8
(d)着{($1)<2},(d)着{len($1)<2},8
参与{len(2)},语法错误，限制条件格式错误,8
，**了,，*了,8
(n)其实{($1)>2},(n)其实{len($1)>2},8
和{len(1)},语法错误，限制条件格式错误,8
需求{len(2)},语法错误，限制条件格式错误,8
(vn)时间{($1)<3},(vn)时间{len($1)<3},8
禁塑{len(2)},语法错误，限制条件格式错误,8
如何@@@落实,如何@落实,8
了{len(1)},语法错误，限制条件格式错误,8
缺m。un{$1=$2},缺(m)。(un){$1=$2},8
来{len(1)},语法错误，限制条件格式错误,8
(b)着{($1)<3},(b)着{len($1)<3},8
(v)本{($1)>2},(v)本{len($1)>2},8
**盛,*盛,8
(i)高兴{($1)<5},(i)高兴{len($1)<5},8
**。,*。,8
(v)没有{($1)>2},(v)没有{len($1)>2},8
(v)条{($1)=1},(v)条{len($1)=1},8
v怎么{len($1)>2},(v)怎么{len($1)>2},8
(q)着{($1)<2},(q)着{len($1)<2},8
成果@@@不断,成果@不断,8
(n)嘴{($1)=2},(n)嘴{len($1)=2},8
平均{len(2)},语法错误，限制条件格式错误,8
煤矿{len(2)},语法错误，限制条件格式错误,8
增强***建设,增强*建设,8
(t)号码{($1)>2},(t)号码{len($1)>2},8
达{len(1)},语法错误，限制条件格式错误,8
李强g本报un{$1=$2},李强(g)本报(un){$1=$2},8
(j)差不多{($1)=1},(j)差不多{len($1)=1},8
效益n质量f{$1=$2},效益(n)质量(f){$1=$2},8
(n)写{($1)<3},(n)写{len($1)<3},8
(a)着{($1)<3},(a)着{len($1)<3},8
(n)朋友{($1)<4},(n)朋友{len($1)<4},8
(d)有点{($1)>1},(d)有点{len($1)>1},8
(m)图片{($1)<5},(m)图片{len($1)<5},8
年终n{len($1)=2},年终(n){len($1)=2},8
(ns)不上{($1)<3},(ns)不上{len($1)<3},8
老龄化{len(3)},语法错误，限制条件格式错误,8
视听{len(2)},语法错误，限制条件格式错误,8
事实{len(2)},语法错误，限制条件格式错误,8
(v)明天{($1)>2},(v)明天{len($1)>2},8
(nr)意思{($1)<3},(nr)意思{len($1)<3},8
(v)得{($1)=1},(v)得{len($1)=1},8
(a)应该{($1)=1},(a)应该{len($1)=1},8
代表{len(2)},语法错误，限制条件格式错误,8
(n)山{($1)>2},(n)山{len($1)>2},8
宣讲员{len(3)},语法错误，限制条件格式错误,8
(n)次{($1)>2},(n)次{len($1)>2},8
打n，v{$1=$2},打(n)，(v){$1=$2},8
(d)点{($1)>1},(d)点{len($1)>1},8
(w)时间{($1)=1},(w)时间{len($1)=1},8
(d)干什么{($1)>1},(d)干什么{len($1)>1},8
谴责{len(2)},语法错误，限制条件格式错误,8
(j)不够{($1)=2},(j)不够{len($1)=2},8
(n)但{($1)<3},(n)但{len($1)<3},8
(z)辛苦{($1)=4},(z)辛苦{len($1)=4},8
(v)一{($1)>1},(v)一{len($1)>1},8
佛事{len(2)},语法错误，限制条件格式错误,8
说{len(1)},语法错误，限制条件格式错误,8
(v)着{($1)<3},(v)着{len($1)<3},8
(v)可{($1)<3},(v)可{len($1)<3},8
(n)她们{($1)=2},(n)她们{len($1)=2},8
(q)假{($1)=1},(q)假{len($1)=1},8
(vn)着{($1)=2},(vn)着{len($1)=2},8
(n)伤心{($1)>2},(n)伤心{len($1)>2},8
，**民望,，*民望,8
(v)回{($1)>2},(v)回{len($1)>2},8
ns机器人{len($1)>3},(ns)机器人{len($1)>3},8
(w)看见{($1)<2},(w)看见{len($1)<2},8
(p)着{($1)=1},(p)着{len($1)=1},8
(w)每次{($1)=1},(w)每次{len($1)=1},8
j谈{len($1)>1},(j)谈{len($1)>1},8
(n)今年{($1)>2},(n)今年{len($1)>2},8
(v)移动{($1)=2},(v)移动{len($1)=2},8
(nr)处{($1)<3},(nr)处{len($1)<3},8
添{len(1)},语法错误，限制条件格式错误,8
(ns)着{($1)>2},(ns)着{len($1)>2},8
****起来,*起来,8
***大势,*大势,8
环境{len(2)},语法错误，限制条件格式错误,8
(m)猜{($1)>2},(m)猜{len($1)>2},8
(a)万{($1)=2},(a)万{len($1)=2},8
设{len(1)},语法错误，限制条件格式错误,8
(n)美{($1)>4},(n)美{len($1)>4},8
(v)谢谢{($1)>2},(v)谢谢{len($1)>2},8
(w)丑{($1)>1},(w)丑{len($1)>1},8
(n)结{($1)>2},(n)结{len($1)>2},8
(v)再说{($1)<3},(v)再说{len($1)<3},8
(ns)注意{($1)>2},(ns)注意{len($1)>2},8
介绍{len(2)},语法错误，限制条件格式错误,8
危机vd{len($1)=2},危机(vd){len($1)=2},8
壮年@@@逆今,壮年@逆今,8
(s)雨{($1)<3},(s)雨{len($1)<3},8
只{len(1)},语法错误，限制条件格式错误,8
(u)白{($1)<2},(u)白{len($1)<2},8
(n)爱情{($1)>2},(n)爱情{len($1)>2},8
***是,*是,8
v会{len($1)>1},(v)会{len($1)>1},8
(p)着{($1)>1},(p)着{len($1)>1},8
(j)喝酒{($1)=2},(j)喝酒{len($1)=2},8
(q)苹果{($1)=1},(q)苹果{len($1)=1},8
(v)靠{($1)=2},(v)靠{len($1)=2},8
把握***的,把握*的,8
w保障{len($1)>2},(w)保障{len($1)>2},8
(n)骂{($1)<3},(n)骂{len($1)<3},8
(w)话费{($1)<2},(w)话费{len($1)<2},8
(w)想{($1)>1},(w)想{len($1)>1},8
v！{len($1)>1},(v)！{len($1)>1},8
(n)先{($1)>2},(n)先{len($1)>2},8
un，{len($1)>1},(un)，{len($1)>1},8
是@@贺信,是@贺信,8
****告诉,*告诉,8
(r)多少{($1)>1},(r)多少{len($1)>1},8
纠{len(1)},语法错误，限制条件格式错误,8
方式{len(2)},语法错误，限制条件格式错误,8
(n)老{($1)>2},(n)老{len($1)>2},8
v进{len($1)>1},(v)进{len($1)>1},8
瓦塔拉{len(3)},语法错误，限制条件格式错误,8
·{len(1)},语法错误，限制条件格式错误,8
(vn)着{($1)<3},(vn)着{len($1)<3},8
(d)必须{($1)<3},(d)必须{len($1)<3},8
(n)查{($1)<3},(n)查{len($1)<3},8
细落{len(2)},语法错误，限制条件格式错误,8
(v)机{($1)<2},(v)机{len($1)<2},8
理想@@@为,理想@为,8
ad的{len($1)>1},(ad)的{len($1)>1},8
(v)干{($1)=1},(v)干{len($1)=1},8
(n)好多{($1)=3},(n)好多{len($1)=3},8
(r)为啥{($1)<3},(r)为啥{len($1)<3},8
丰收***浩荡,丰收*浩荡,8
二@@农业,二@农业,8
(n)如{($1)<3},(n)如{len($1)<3},8
(v)给{($1)=1},(v)给{len($1)=1},8
**什么,*什么,8
每{len(1)},语法错误，限制条件格式错误,8
(n)玩{($1)<4},(n)玩{len($1)<4},8
(nr)着{($1)<3},(nr)着{len($1)<3},8
花@@累累,花@累累,8
**********一等功,*一等功,8
(a)关{($1)=2},(a)关{len($1)=2},8
(p)货{($1)>1},(p)货{len($1)>1},8
(n)有空{($1)<3},(n)有空{len($1)<3},8
(w)哪里{($1)<2},(w)哪里{len($1)<2},8
(n)流量{($1)<3},(n)流量{len($1)<3},8
(i)着{($1)=4},(i)着{len($1)=4},8
导演{len(2)},语法错误，限制条件格式错误,8
(n)还要{($1)>2},(n)还要{len($1)>2},8
(nr)当然{($1)=2},(nr)当然{len($1)=2},8
(m)不{($1)<2},(m)不{len($1)<2},8
(r)移动{($1)>2},(r)移动{len($1)>2},8
让Ag快评j{$1=$2},让(Ag)快评(j){$1=$2},8
(w)同学{($1)<2},(w)同学{len($1)<2},8
王牌{len(2)},语法错误，限制条件格式错误,8
(v)以后{($1)>1},(v)以后{len($1)>1},8
创新{len(2)},语法错误，限制条件格式错误,8
y。{len($1)>1},(y)。{len($1)>1},8
(n)哥{($1)>2},(n)哥{len($1)>2},8
**三,*三,8
(w)泡{($1)<2},(w)泡{len($1)<2},8
(v)消息{($1)<3},(v)消息{len($1)<3},8
康@@向,康@向,8
吴红{len(2)},语法错误，限制条件格式错误,8
资产{len(2)},语法错误，限制条件格式错误,8
***的,*的,8
(ns)其他{($1)<4},(ns)其他{len($1)<4},8
(y)着{($1)=1},(y)着{len($1)=1},8
何为n大学h{$1=$2},何为(n)大学(h){$1=$2},8
(w)谢谢{($1)<2},(w)谢谢{len($1)<2},8
(d)不怕{($1)=2},(d)不怕{len($1)=2},8
付诚{len(2)},语法错误，限制条件格式错误,8
这么{len(2)},语法错误，限制条件格式错误,8
(s)手机{($1)<3},(s)手机{len($1)<3},8
**好,*好,8
这里n。v{$1=$2},这里(n)。(v){$1=$2},8
***这,*这,8
(j)出{($1)=1},(j)出{len($1)=1},8
大nt{len($1)=1},大(nt){len($1)=1},8
(d)号码{($1)>1},(d)号码{len($1)>1},8
q是{len($1)>1},(q)是{len($1)>1},8
(n)视频{($1)>2},(n)视频{len($1)>2},8
h结束{len($1)>2},(h)结束{len($1)>2},8
(v)两个{($1)>1},(v)两个{len($1)>1},8
使@@你,使@你,8
(w)那样{($1)<2},(w)那样{len($1)<2},8
引来{len(2)},语法错误，限制条件格式错误,8
(t)回去{($1)>2},(t)回去{len($1)>2},8
v？{len($1)>1},(v)？{len($1)>1},8
业态{len(2)},语法错误，限制条件格式错误,8
(v)知道{($1)=1},(v)知道{len($1)=1},8
****捷克,*捷克,8
不Vg{len($1)=1},不(Vg){len($1)=1},8
(w)上午{($1)<2},(w)上午{len($1)<2},8
(r)生日{($1)<3},(r)生日{len($1)<3},8
媒体Ng融v{$1=$2},媒体(Ng)融(v){$1=$2},8
把{len(1)},语法错误，限制条件格式错误,8
让{len(1)},语法错误，限制条件格式错误,8
***交通,*交通,8
(w)生气{($1)=1},(w)生气{len($1)=1},8
(d)公司{($1)>1},(d)公司{len($1)>1},8
(v)主要{($1)<3},(v)主要{len($1)<3},8
(n)网{($1)>2},(n)网{len($1)>2},8
吉尔吉斯{len(4)},语法错误，限制条件格式错误,8
(n)而且{($1)=1},(n)而且{len($1)=1},8
(n)厕所{($1)>2},(n)厕所{len($1)>2},8
这是@@@企业,这是@企业,8
(v)王{($1)=2},(v)王{len($1)=2},8
(n)浪费{($1)=2},(n)浪费{len($1)=2},8
(p)喝酒{($1)<2},(p)喝酒{len($1)<2},8
(w)终于{($1)>1},(w)终于{len($1)>1},8
科技nz更x{$1=$2},科技(nz)更(x){$1=$2},8
(v)哪个{($1)=2},(v)哪个{len($1)=2},8
公里{len(2)},语法错误，限制条件格式错误,8
(v)敢{($1)<3},(v)敢{len($1)<3},8
可**能源,可*能源,8
帮扶{len(2)},语法错误，限制条件格式错误,8
站{len(1)},语法错误，限制条件格式错误,8
三n农d{$1=$2},三(n)农(d){$1=$2},8
(v)两{($1)>1},(v)两{len($1)>1},8
v的{len($1)>1},(v)的{len($1)>1},8
(v)愿意{($1)>2},(v)愿意{len($1)>2},8
马拉松赛{len(4)},语法错误，限制条件格式错误,8
切口n。v{$1=$2},切口(n)。(v){$1=$2},8
四级@@@魔术,四级@魔术,8
改进***呢,改进*呢,8
(w)眼睛{($1)>1},(w)眼睛{len($1)>1},8
v和{len($1)>1},(v)和{len($1)>1},8
(ns)火{($1)<4},(ns)火{len($1)<4},8
(n)那个{($1)>2},(n)那个{len($1)>2},8
人民n视觉v{$1=$2},人民(n)视觉(v){$1=$2},8
x提质{len($1)>2},(x)提质{len($1)>2},8
把式{len(2)},语法错误，限制条件格式错误,8
中心{len(2)},语法错误，限制条件格式错误,8
(n)晕{($1)<4},(n)晕{len($1)<4},8
构成@@@。,构成@。,8
***项目,*项目,8
延迟n{len($1)=2},延迟(n){len($1)=2},8
小微***企业,小微*企业,8
(v)姐{($1)=2},(v)姐{len($1)=2},8
新**一线,新*一线,8
(n)收{($1)<2},(n)收{len($1)<2},8
创新n指向l{$1=$2},创新(n)指向(l){$1=$2},8
(v)也许{($1)>1},(v)也许{len($1)>1},8
(n)纠结{($1)<3},(n)纠结{len($1)<3},8
(u)今年{($1)<2},(u)今年{len($1)<2},8
(a)小时{($1)<3},(a)小时{len($1)<3},8
党委{len(2)},语法错误，限制条件格式错误,8
(w)三个{($1)=1},(w)三个{len($1)=1},8
(f)做{($1)>1},(f)做{len($1)>1},8
，f{len($1)=1},，(f){len($1)=1},8
严格{len(2)},语法错误，限制条件格式错误,8
(w)女朋友{($1)>1},(w)女朋友{len($1)>1},8
(vn)打{($1)=2},(vn)打{len($1)=2},8
(nr)哥哥{($1)>3},(nr)哥哥{len($1)>3},8
(a)爸{($1)>2},(a)爸{len($1)>2},8
(w)看看{($1)=1},(w)看看{len($1)=1},8
回望{len(2)},语法错误，限制条件格式错误,8
(vn)但是{($1)>2},(vn)但是{len($1)>2},8
中国***达成,中国*达成,8
说r{len($1)=1},说(r){len($1)=1},8
***。,*。,8
有n{len($1)=1},有(n){len($1)=1},8
(vn)办{($1)<3},(vn)办{len($1)<3},8
(v)雪{($1)<3},(v)雪{len($1)<3},8
(v)照顾{($1)>2},(v)照顾{len($1)>2},8
(w)岁{($1)<2},(w)岁{len($1)<2},8
(n)忙{($1)=2},(n)忙{len($1)=2},8
(ad)着{($1)<2},(ad)着{len($1)<2},8
被f{len($1)=1},被(f){len($1)=1},8
v主体{len($1)>2},(v)主体{len($1)>2},8
为vn{len($1)=1},为(vn){len($1)=1},8
东段{len(2)},语法错误，限制条件格式错误,8
的Ag根据nt{$1=$2},的(Ag)根据(nt){$1=$2},8
受Tg，Dg{$1=$2},受(Tg)，(Dg){$1=$2},8
***亮点,*亮点,8
(v)旁边{($1)>2},(v)旁边{len($1)>2},8
(n)晚{($1)>3},(n)晚{len($1)>3},8
鹰{len(1)},语法错误，限制条件格式错误,8
v，{len($1)>1},(v)，{len($1)>1},8
在建@@@领先,在建@领先,8
(n)着{($1)<5},(n)着{len($1)<5},8
湖北@@@涉企,湖北@涉企,8
nz。{len($1)>1},(nz)。{len($1)>1},8
(v)闲{($1)>2},(v)闲{len($1)>2},8
(w)记得{($1)<2},(w)记得{len($1)<2},8
品质{len(2)},语法错误，限制条件格式错误,8
(n)情{($1)=2},(n)情{len($1)=2},8
(v)情况{($1)=1},(v)情况{len($1)=1},8
该{len(1)},语法错误，限制条件格式错误,8
(v)重{($1)=2},(v)重{len($1)=2},8
v起{len($1)>1},(v)起{len($1)>1},8
出路{len(2)},语法错误，限制条件格式错误,8
中{len(1)},语法错误，限制条件格式错误,8
北京r快乐vn{$1=$2},北京(r)快乐(vn){$1=$2},8
规则@@@要,规则@要,8
(ns)几天{($1)<3},(ns)几天{len($1)<3},8
(p)那种{($1)<2},(p)那种{len($1)<2},8
u江西省{len($1)>3},(u)江西省{len($1)>3},8
(v)情{($1)=1},(v)情{len($1)=1},8
(m)努力{($1)<2},(m)努力{len($1)<2},8
决心{len(2)},语法错误，限制条件格式错误,8
(w)表情{($1)=1},(w)表情{len($1)=1},8
全面n{len($1)=2},全面(n){len($1)=2},8
(d)回事{($1)=1},(d)回事{len($1)=1},8
撤销un决定g{$1=$2},撤销(un)决定(g){$1=$2},8
un讲话{len($1)>2},(un)讲话{len($1)>2},8
说f！v{$1=$2},说(f)！(v){$1=$2},8
(ns)通{($1)>2},(ns)通{len($1)>2},8
经济学an成本v{$1=$2},经济学(an)成本(v){$1=$2},8
(n)刘{($1)>2},(n)刘{len($1)>2},8
(n)更{($1)>2},(n)更{len($1)>2},8
(f)理解{($1)=1},(f)理解{len($1)=1},8
(n)强{($1)>3},(n)强{len($1)>3},8
(v)注意{($1)=1},(v)注意{len($1)=1},8
纵横{len(2)},语法错误，限制条件格式错误,8
文学@@@的,文学@的,8
(u)吵{($1)<2},(u)吵{len($1)<2},8
(ns)着{($1)=2},(ns)着{len($1)=2},8
(u)了{($1)<2},(u)了{len($1)<2},8
(v)睡觉{($1)=1},(v)睡觉{len($1)=1},8
(nz)着{($1)=2},(nz)着{len($1)=2},8
会{len(1)},语法错误，限制条件格式错误,8
(w)冲{($1)=1},(w)冲{len($1)=1},8
拥有{len(2)},语法错误，限制条件格式错误,8
(v)这样{($1)=2},(v)这样{len($1)=2},8
(n)吗{($1)>2},(n)吗{len($1)>2},8
(v)起来{($1)=2},(v)起来{len($1)=2},8
(v)北京{($1)=1},(v)北京{len($1)=1},8
(n)贵{($1)=2},(n)贵{len($1)=2},8
(v)话费{($1)<2},(v)话费{len($1)<2},8
***必然,*必然,8
这是{len(2)},语法错误，限制条件格式错误,8
用**。,用*。,8
(a)你家{($1)=1},(a)你家{len($1)=1},8
vd低碳{len($1)>2},(vd)低碳{len($1)>2},8
未来h{len($1)=2},未来(h){len($1)=2},8
博物学{len(3)},语法错误，限制条件格式错误,8
书画un将v{$1=$2},书画(un)将(v){$1=$2},8
硕m{len($1)=1},硕(m){len($1)=1},8
(n)啦{($1)>2},(n)啦{len($1)>2},8
(w)再{($1)<2},(w)再{len($1)<2},8
是@@！,是@！,8
泉**宇宙,泉*宇宙,8
(n)惹{($1)=2},(n)惹{len($1)=2},8
g。{len($1)>1},(g)。{len($1)>1},8
重视{len(2)},语法错误，限制条件格式错误,8
(n)拜拜{($1)=3},(n)拜拜{len($1)=3},8
(w)理由{($1)<2},(w)理由{len($1)<2},8
(v)正常{($1)<3},(v)正常{len($1)<3},8
(d)重{($1)<3},(d)重{len($1)<3},8
(c)着{($1)>2},(c)着{len($1)>2},8
往z{len($1)=1},往(z){len($1)=1},8
(r)小时{($1)<2},(r)小时{len($1)<2},8
***灾情,*灾情,8
(n)木{($1)>2},(n)木{len($1)>2},8
什么nt。an{$1=$2},什么(nt)。(an){$1=$2},8
***党,*党,8
广州{len(2)},语法错误，限制条件格式错误,8
毛卫宁n导演nz{$1=$2},毛卫宁(n)导演(nz){$1=$2},8
法庭{len(2)},语法错误，限制条件格式错误,8
(nr)养{($1)>3},(nr)养{len($1)>3},8
(n)床{($1)<3},(n)床{len($1)<3},8
对症下药f。v{$1=$2},对症下药(f)。(v){$1=$2},8
(p)着{($1)<2},(p)着{len($1)<2},8
与{len(1)},语法错误，限制条件格式错误,8
***王江宏,*王江宏,8
***年度,*年度,8
不够@@@强,不够@强,8
诫勉{len(2)},语法错误，限制条件格式错误,8
(v)级{($1)<3},(v)级{len($1)<3},8
(s)谈{($1)<3},(s)谈{len($1)<3},8
Tg。{len($1)>1},(Tg)。{len($1)>1},8
(d)头像{($1)<3},(d)头像{len($1)<3},8
(v)同{($1)<3},(v)同{len($1)<3},8
(nr)信息{($1)<4},(nr)信息{len($1)<4},8
境内y。ns{$1=$2},境内(y)。(ns){$1=$2},8
(nr)着{($1)<4},(nr)着{len($1)<4},8
(b)着{($1)<2},(b)着{len($1)<2},8
***营造,*营造,8
(v)内{($1)=1},(v)内{len($1)=1},8
(v)实在{($1)>1},(v)实在{len($1)>1},8
朱**人民,朱*人民,8
e亮相{len($1)>2},(e)亮相{len($1)>2},8
vn基地{len($1)>2},(vn)基地{len($1)>2},8
用n{len($1)=1},用(n){len($1)=1},8
(p)台{($1)=1},(p)台{len($1)=1},8
让@@谷芽糖,让@谷芽糖,8
(r)来{($1)=1},(r)来{len($1)=1},8
(r)着{($1)>2},(r)着{len($1)>2},8
(n)中{($1)<3},(n)中{len($1)<3},8
联合n如何v{$1=$2},联合(n)如何(v){$1=$2},8
(v)一年{($1)<2},(v)一年{len($1)<2},8
保护@@@？,保护@？,8
我un{len($1)=1},我(un){len($1)=1},8
(v)有个{($1)>2},(v)有个{len($1)>2},8
为@@起,为@起,8
(w)一年{($1)<2},(w)一年{len($1)<2},8
(d)讨厌{($1)<3},(d)讨厌{len($1)<3},8
n。{len($1)>1},(n)。{len($1)>1},8
政协{len(2)},语法错误，限制条件格式错误,8
(n)恶心{($1)>2},(n)恶心{len($1)>2},8
报告{len(2)},语法错误，限制条件格式错误,8
***人民,*人民,8
走@@路,走@路,8
(vn)边{($1)=2},(vn)边{len($1)=2},8
打蜡n致癌d{$1=$2},打蜡(n)致癌(d){$1=$2},8
(vn)貌似{($1)=2},(vn)貌似{len($1)=2},8
主教练{len(3)},语法错误，限制条件格式错误,8
(w)百{($1)<2},(w)百{len($1)<2},8
(n)你好{($1)=2},(n)你好{len($1)=2},8
***有,*有,8
近日{len(2)},语法错误，限制条件格式错误,8
(n)哭{($1)=2},(n)哭{len($1)=2},8
有点***辣,有点*辣,8
选举{len(2)},语法错误，限制条件格式错误,8
源头{len(2)},语法错误，限制条件格式错误,8
(ns)着{($1)>3},(ns)着{len($1)>3},8
(u)听说{($1)>1},(u)听说{len($1)>1},8
(n)想{($1)<3},(n)想{len($1)<3},8
(m)喝{($1)<2},(m)喝{len($1)<2},8
缺位{len(2)},语法错误，限制条件格式错误,8
儿科{len(2)},语法错误，限制条件格式错误,8
产业n{len($1)=2},产业(n){len($1)=2},8
(w)们{($1)<2},(w)们{len($1)<2},8
高@@。,高@。,8
改变{len(2)},语法错误，限制条件格式错误,8
蚌埠闸@@@@的,蚌埠闸@的,8
(v)不能{($1)<3},(v)不能{len($1)<3},8
谋vn{len($1)=1},谋(vn){len($1)=1},8
(w)疯{($1)>1},(w)疯{len($1)>1},8
获得{len(2)},语法错误，限制条件格式错误,8
(ns)着{($1)<4},(ns)着{len($1)<4},8
(v)谢谢{($1)>1},(v)谢谢{len($1)>1},8
互联网{len(3)},语法错误，限制条件格式错误,8
那{len(1)},语法错误，限制条件格式错误,8
v老师{len($1)>2},(v)老师{len($1)>2},8
介绍nt{len($1)=2},介绍(nt){len($1)=2},8
利益{len(2)},语法错误，限制条件格式错误,8
(v)把{($1)=2},(v)把{len($1)=2},8
(n)出去{($1)=2},(n)出去{len($1)=2},8
(v)觉得{($1)>2},(v)觉得{len($1)>2},8
(w)心里{($1)=1},(w)心里{len($1)=1},8
(n)华{($1)=2},(n)华{len($1)=2},8
(u)其实{($1)<2},(u)其实{len($1)<2},8
***实证,*实证,8
崭新{len(2)},语法错误，限制条件格式错误,8
传统{len(2)},语法错误，限制条件格式错误,8
难x{len($1)=1},难(x){len($1)=1},8
(n)哭{($1)>2},(n)哭{len($1)>2},8
(d)六{($1)>2},(d)六{len($1)>2},8
(n)胖{($1)>2},(n)胖{len($1)>2},8
无奈{len(2)},语法错误，限制条件格式错误,8
v地图{len($1)>2},(v)地图{len($1)>2},8
刻铸***和平,刻铸*和平,8
(nr)学{($1)<3},(nr)学{len($1)<3},8
(v)还好{($1)=1},(v)还好{len($1)=1},8
规则a的un{$1=$2},规则(a)的(un){$1=$2},8
永不Ag打烊v{$1=$2},永不(Ag)打烊(v){$1=$2},8
确实***是,确实*是,8
四y{len($1)=1},四(y){len($1)=1},8
(w)你{($1)=1},(w)你{len($1)=1},8
我们n遇到v{$1=$2},我们(n)遇到(v){$1=$2},8
***伟大,*伟大,8
(n)倒{($1)=2},(n)倒{len($1)=2},8
(w)简单{($1)<2},(w)简单{len($1)<2},8
编制***单位,编制*单位,8
j首{len($1)>1},(j)首{len($1)>1},8
政府{len(2)},语法错误，限制条件格式错误,8
内鬼{len(2)},语法错误，限制条件格式错误,8
(n)哪{($1)=2},(n)哪{len($1)=2},8
(nr)套{($1)=2},(nr)套{len($1)=2},8
的@@关键,的@关键,8
讲情面{len(3)},语法错误，限制条件格式错误,8
(v)关{($1)>2},(v)关{len($1)>2},8
(w)关{($1)<2},(w)关{len($1)<2},8
至关重要{len(4)},语法错误，限制条件格式错误,8
(ad)以{($1)=2},(ad)以{len($1)=2},8
(n)包{($1)>2},(n)包{len($1)>2},8
合法{len(2)},语法错误，限制条件格式错误,8
(r)厉害{($1)=1},(r)厉害{len($1)=1},8
(p)买{($1)>1},(p)买{len($1)>1},8
c的{len($1)>1},(c)的{len($1)>1},8
(n)妈妈{($1)>2},(n)妈妈{len($1)>2},8
循环@@@利用,循环@利用,8
e。{len($1)>1},(e)。{len($1)>1},8
(l)一天{($1)=2},(l)一天{len($1)=2},8
(v)来{($1)=2},(v)来{len($1)=2},8
(w)怕{($1)<2},(w)怕{len($1)<2},8
为何@@@？,为何@？,8
学院i{len($1)=2},学院(i){len($1)=2},8
(n)没事{($1)>2},(n)没事{len($1)>2},8
(q)洗{($1)=1},(q)洗{len($1)=1},8
管理@@@。,管理@。,8
倍感{len(2)},语法错误，限制条件格式错误,8
(v)元{($1)<3},(v)元{len($1)<3},8
(n)金{($1)>2},(n)金{len($1)>2},8
v群众{len($1)>2},(v)群众{len($1)>2},8
内涵{len(2)},语法错误，限制条件格式错误,8
政者{len(2)},语法错误，限制条件格式错误,8
真实s故事f{$1=$2},真实(s)故事(f){$1=$2},8
(v)样{($1)<4},(v)样{len($1)<4},8
(m)什{($1)>1},(m)什{len($1)>1},8
甲骨文n{len($1)=3},甲骨文(n){len($1)=3},8
Vg？{len($1)>1},(Vg)？{len($1)>1},8
独木棺{len(3)},语法错误，限制条件格式错误,8
退市{len(2)},语法错误，限制条件格式错误,8
(v)靠{($1)<2},(v)靠{len($1)<2},8
李国庆@@@@说,李国庆@说,8
(ns)着{($1)=3},(ns)着{len($1)=3},8
(v)莫{($1)=2},(v)莫{len($1)=2},8
真n。v{$1=$2},真(n)。(v){$1=$2},8
***也,*也,8
发展@@@毕其功于一役,发展@毕其功于一役,8
培养***干部,培养*干部,8
方面{len(2)},语法错误，限制条件格式错误,8
(ad)花{($1)=2},(ad)花{len($1)=2},8
(vn)按{($1)=2},(vn)按{len($1)=2},8
滴答{len(2)},语法错误，限制条件格式错误,8
(v)身边{($1)<2},(v)身边{len($1)<2},8
(v)表{($1)<3},(v)表{len($1)<3},8
(j)速度{($1)<2},(j)速度{len($1)<2},8
水资源****形势,水资源*形势,8
(m)嘛{($1)>4},(m)嘛{len($1)>4},8
上{len(1)},语法错误，限制条件格式错误,8
(w)先{($1)=1},(w)先{len($1)=1},8
(nr)着{($1)<9},(nr)着{len($1)<9},8
：{len(1)},语法错误，限制条件格式错误,8
(v)那个{($1)>1},(v)那个{len($1)>1},8
(v)回{($1)<3},(v)回{len($1)<3},8
做@@，,做@，,8
(u)男朋友{($1)<2},(u)男朋友{len($1)<2},8
行政{len(2)},语法错误，限制条件格式错误,8
(n)三{($1)<3},(n)三{len($1)<3},8
(n)晚{($1)<3},(n)晚{len($1)<3},8
找{len(1)},语法错误，限制条件格式错误,8
(d)着{($1)>2},(d)着{len($1)>2},8
(v)照顾{($1)=2},(v)照顾{len($1)=2},8
格局{len(2)},语法错误，限制条件格式错误,8
不甘寂寞b{len($1)=4},不甘寂寞(b){len($1)=4},8
(n)过来{($1)=2},(n)过来{len($1)=2},8
缺{len(1)},语法错误，限制条件格式错误,8
v人格{len($1)>2},(v)人格{len($1)>2},8
(w)屁{($1)>1},(w)屁{len($1)>1},8
(w)说{($1)=1},(w)说{len($1)=1},8
当m{len($1)=1},当(m){len($1)=1},8
***入云,*入云,8
(v)这边{($1)<3},(v)这边{len($1)<3},8
，**最,，*最,8
挥别n尴尬a{$1=$2},挥别(n)尴尬(a){$1=$2},8
(n)刷{($1)=2},(n)刷{len($1)=2},8
香港{len(2)},语法错误，限制条件格式错误,8
(d)着{($1)>1},(d)着{len($1)>1},8
增试点{len(3)},语法错误，限制条件格式错误,8
有**于,有*于,8
(n)名{($1)=1},(n)名{len($1)=1},8
来源***：,来源*：,8
(p)这次{($1)<2},(p)这次{len($1)<2},8
(c)难受{($1)>1},(c)难受{len($1)>1},8
(i)着{($1)<5},(i)着{len($1)<5},8
(v)其实{($1)>2},(v)其实{len($1)>2},8
公交车{len(3)},语法错误，限制条件格式错误,8
(n)大概{($1)=2},(n)大概{len($1)=2},8
(u)担心{($1)>1},(u)担心{len($1)>1},8
(a)上午{($1)<3},(a)上午{len($1)<3},8
全国{len(2)},语法错误，限制条件格式错误,8
(ns)工{($1)=2},(ns)工{len($1)=2},8
补nz{len($1)=1},补(nz){len($1)=1},8
艰难Tg。h{$1=$2},艰难(Tg)。(h){$1=$2},8
(v)地方{($1)>1},(v)地方{len($1)>1},8
(v)惹{($1)>2},(v)惹{len($1)>2},8
坚持***统筹,坚持*统筹,8
(n)口{($1)=1},(n)口{len($1)=1},8
改变***？,改变*？,8
(n)来{($1)<3},(n)来{len($1)<3},8
(n)号码{($1)<4},(n)号码{len($1)<4},8
(n)假{($1)>1},(n)假{len($1)>1},8
抓好{len(2)},语法错误，限制条件格式错误,8
(ns)拜{($1)<3},(ns)拜{len($1)<3},8
郭子恒nz同志k{$1=$2},郭子恒(nz)同志(k){$1=$2},8
医保@@@？,医保@？,8
地图{len(2)},语法错误，限制条件格式错误,8
持续***增长,持续*增长,8
有奖b{len($1)=2},有奖(b){len($1)=2},8
(n)住{($1)<3},(n)住{len($1)<3},8
(vn)着{($1)>2},(vn)着{len($1)>2},8
v禹华{len($1)>2},(v)禹华{len($1)>2},8
(w)加{($1)>1},(w)加{len($1)>1},8
(n)男{($1)>2},(n)男{len($1)>2},8
(v)没事{($1)>2},(v)没事{len($1)>2},8
民用{len(2)},语法错误，限制条件格式错误,8
(ns)着{($1)<3},(ns)着{len($1)<3},8
大力{len(2)},语法错误，限制条件格式错误,8
(w)要{($1)>1},(w)要{len($1)>1},8
(a)最后{($1)>1},(a)最后{len($1)>1},8
d。{len($1)>1},(d)。{len($1)>1},8
(l)外{($1)>2},(l)外{len($1)>2},8
防患于未然{len(5)},语法错误，限制条件格式错误,8
暗箱{len(2)},语法错误，限制条件格式错误,8
(w)黑{($1)<2},(w)黑{len($1)<2},8
更新***不,更新*不,8
(nr)两{($1)=3},(nr)两{len($1)=3},8
(m)着{($1)<2},(m)着{len($1)<2},8
(v)外面{($1)>2},(v)外面{len($1)>2},8
(v)道{($1)<3},(v)道{len($1)<3},8
(n)关{($1)>2},(n)关{len($1)>2},8
好不vn{len($1)=2},好不(vn){len($1)=2},8
(n)哎呀{($1)=2},(n)哎呀{len($1)=2},8
(r)一会{($1)>2},(r)一会{len($1)>2},8
所有{len(2)},语法错误，限制条件格式错误,8
***偏颇,*偏颇,8
(n)些{($1)=3},(n)些{len($1)=3},8
舍{len(1)},语法错误，限制条件格式错误,8
售票***占,售票*占,8
大学{len(2)},语法错误，限制条件格式错误,8
砸**店,砸*店,8
(n)停{($1)=2},(n)停{len($1)=2},8
(n)以{($1)>2},(n)以{len($1)>2},8
意味着{len(3)},语法错误，限制条件格式错误,8
(v)公司{($1)<3},(v)公司{len($1)<3},8
构建{len(2)},语法错误，限制条件格式错误,8
(v)老公{($1)>1},(v)老公{len($1)>1},8
(l)包{($1)>4},(l)包{len($1)>4},8
(p)两{($1)>1},(p)两{len($1)>1},8
(c)着{($1)>1},(c)着{len($1)>1},8
十六{len(2)},语法错误，限制条件格式错误,8
蓄水{len(2)},语法错误，限制条件格式错误,8
个性化{len(3)},语法错误，限制条件格式错误,8
(w)报{($1)=1},(w)报{len($1)=1},8
首先@@@。,首先@。,8
一**时刻,一*时刻,8
加蓬{len(2)},语法错误，限制条件格式错误,8
老兵k{len($1)=2},老兵(k){len($1)=2},8
(v)那个{($1)>2},(v)那个{len($1)>2},8
的y{len($1)=1},的(y){len($1)=1},8
(v)全{($1)=1},(v)全{len($1)=1},8
(w)撒{($1)>1},(w)撒{len($1)>1},8
(n)五{($1)=2},(n)五{len($1)=2},8
(l)着{($1)<4},(l)着{len($1)<4},8
(n)喂{($1)<4},(n)喂{len($1)<4},8
(n)样{($1)=2},(n)样{len($1)=2},8
想n了v{$1=$2},想(n)了(v){$1=$2},8
(w)穷{($1)=1},(w)穷{len($1)=1},8
(n)上班{($1)>3},(n)上班{len($1)>3},8
(n)乖{($1)<3},(n)乖{len($1)<3},8
(n)掉{($1)=3},(n)掉{len($1)=3},8
(n)着{($1)=4},(n)着{len($1)=4},8
(d)身{($1)=1},(d)身{len($1)=1},8
(v)那边{($1)>2},(v)那边{len($1)>2},8
高手@@@就,高手@就,8
(t)电视{($1)<3},(t)电视{len($1)<3},8
不是n{len($1)=2},不是(n){len($1)=2},8
(c)咱{($1)=1},(c)咱{len($1)=1},8
(w)向{($1)=1},(w)向{len($1)=1},8
说Vg{len($1)=1},说(Vg){len($1)=1},8
事迹{len(2)},语法错误，限制条件格式错误,8
(n)浪费{($1)<3},(n)浪费{len($1)<3},8
(w)拜{($1)<2},(w)拜{len($1)<2},8
***抛物,*抛物,8
巴山@@@家政,巴山@家政,8
(w)热{($1)=1},(w)热{len($1)=1},8
(w)回来{($1)=1},(w)回来{len($1)=1},8
(v)空{($1)=2},(v)空{len($1)=2},8
郭c说h{$1=$2},郭(c)说(h){$1=$2},8
(v)别人{($1)=1},(v)别人{len($1)=1},8
v橱窗{len($1)>2},(v)橱窗{len($1)>2},8
以**为,以*为,8
(q)呵呵{($1)<2},(q)呵呵{len($1)<2},8
(j)洗澡{($1)=2},(j)洗澡{len($1)=2},8
(n)第一次{($1)<3},(n)第一次{len($1)<3},8
小@@。,小@。,8
公开法@@@@以下,公开法@以下,8
(n)欺负{($1)=2},(n)欺负{len($1)=2},8
四{len(1)},语法错误，限制条件格式错误,8
(v)男朋友{($1)<3},(v)男朋友{len($1)<3},8
(w)下来{($1)=1},(w)下来{len($1)=1},8
为何@@@热点,为何@热点,8
热线{len(2)},语法错误，限制条件格式错误,8
(v)每次{($1)<3},(v)每次{len($1)<3},8
记者{len(2)},语法错误，限制条件格式错误,8
(n)请{($1)>2},(n)请{len($1)>2},8
，@@环境,，@环境,8
，n齐nz{$1=$2},，(n)齐(nz){$1=$2},8
(r)机会{($1)>2},(r)机会{len($1)>2},8
这样***。,这样*。,8
变革{len(2)},语法错误，限制条件格式错误,8
干脆nz。s{$1=$2},干脆(nz)。(s){$1=$2},8
还是{len(2)},语法错误，限制条件格式错误,8
(n)张{($1)>2},(n)张{len($1)>2},8
(w)病{($1)>1},(w)病{len($1)>1},8
